주문번호,상품코드,개수,로케이션,박스코드
230222251375 ,H01019,1,B09-185-01,B01
230222251375 ,H01029,1,B10-084-02,B01
230222251376 ,H01019,1,B09-185-01,B01
230222251376 ,H01029,1,B10-084-02,B01
230222251377 ,H01019,1,B09-185-01,A03
230222251377 ,H10030,1,B08-076-01,A03
230222251378 ,H30001,3,B09-070-02,B01
230222251378 ,H31001,1,B09-175-01,B01
230222251378 ,H41007,2,B09-045-02,B01
230222251379 ,H10012,1,B09-130-01,A03
230222251379 ,H40007,1,B08-085-01,A03
230222251380 ,H01063,2,B09-044-02,D01
230222251380 ,H20042,6,B08-106-01,D01
230222251380 ,H22006,6,B09-051-01,D01
230222251381 ,H10035,1,B08-120-01,C01
230222251381 ,H220101,2,B10-005-01,C01
230222251382 ,H01058,3,B10-094-01,C01
230222251382 ,H10008,3,B10-092-01,C01
230222251382 ,H11015,8,B09-020-01,C01
230222251382 ,H20013,1,B10-043-02,C01
230222251382 ,H20021,2,B10-050-01,C01
230222251382 ,H40007,1,B08-085-01,C01
230222251383 ,H01061,3,B10-045-02,A03
230222251383 ,H02010,1,B09-069-01,A03
230222251384 ,H10021,1,B09-085-01,B01
230222251384 ,H31001,1,B09-175-01,B01
230222251385 ,H10042,2,B09-171-01,C01
230222251385 ,H10043,4,B09-095-01,C01
230222251385 ,H22006,6,B09-051-01,C01
230222251386 ,H10020,1,B09-122-02,D01
230222251386 ,H10027,1,B08-096-01,D01
230222251387 ,H10012,2,B09-130-01,B02
230222251387 ,H10021,1,B09-085-01,B02
230222251388 ,H00019,4,B10-091-01,C01
230222251388 ,H00030,1,B10-015-01,C01
230222251388 ,H01067,1,B09-131-01,C01
230222251388 ,H02015,1,B10-078-02,C01
230222251388 ,H30011,2,B10-036-01,C01
230222251389 ,H10012,1,B09-130-01,B02
230222251389 ,H10035,1,B08-120-01,B02
230222251390 ,H10035,1,B08-120-01,C01
230222251390 ,H220101,2,B10-005-01,C01
230222251391 ,H10008,3,B10-092-01,B01
230222251391 ,H10012,1,B09-130-01,B01
230222251391 ,H30006,1,B10-042-02,B01
230222251392 ,H01041,1,B09-181-01,B02
230222251392 ,H10035,1,B08-120-01,B02
230222251393 ,H01019,1,B09-185-01,B01
230222251393 ,H01029,1,B10-084-02,B01
230222251394 ,H10025,3,B10-058-01,A02
230222251394 ,H20042,2,B08-106-01,A02
230222251395 ,H01081,1,B10-088-01,A02
230222251395 ,H01082,1,B10-059-01,A02
230222251396 ,H01073,10,B10-082-02,B02
230222251396 ,H01075,10,B10-073-01,B02
230222251398 ,H01081,2,B10-088-01,B02
230222251398 ,H20004,6,B10-088-02,B02
230222251398 ,H30011,1,B10-036-01,B02
230222251399 ,H10008,3,B10-092-01,A02
230222251399 ,H31001,1,B09-175-01,A02
230222251400 ,H01075,10,B10-073-01,D01
230222251400 ,H02004,1,B10-076-01,D01
230222251400 ,H10027,1,B08-096-01,D01
230222251401 ,H01019,1,B09-185-01,B01
230222251401 ,H01031,1,B08-091-01,B01
230222251402 ,H10003,2,B09-165-01,B01
230222251402 ,H10035,1,B08-120-01,B01
230222251403 ,H01056,2,B09-136-01,A02
230222251403 ,H01075,5,B10-073-01,A02
230222251404 ,H10021,1,B09-085-01,B03
230222251404 ,H20054,1,B09-006-01,B03
230222251405 ,H01019,1,B09-185-01,B01
230222251405 ,H01029,1,B10-084-02,B01
230222251406 ,H01058,3,B10-094-01,B02
230222251406 ,H01066,2,B10-054-02,B02
230222251406 ,H01067,1,B09-131-01,B02
230222251407 ,H02019,4,B10-068-02,C01
230222251407 ,H12007,5,B10-038-02,C01
230222251407 ,H50001,2,B10-041-02,C01
230222251408 ,H20011,1,B08-080-01,A02
230222251408 ,H20043,2,B10-076-02,A02
230222251409 ,H10012,1,B09-130-01,D01
230222251409 ,H10042,2,B09-171-01,D01
230222251409 ,H10043,4,B09-095-01,D01
230222251409 ,H12017,1,B10-031-01,D01
230222251410 ,H00001,1,B10-070-02,D01
230222251410 ,H00003,1,B10-067-01,D01
230222251410 ,H00004,1,B09-041-02,D01
230222251410 ,H00006,1,B10-057-02,D01
230222251410 ,H00032,1,B09-060-01,D01
230222251410 ,H01031,1,B08-091-01,D01
230222251410 ,H01075,5,B10-073-01,D01
230222251410 ,H10021,1,B09-085-01,D01
230222251410 ,H10030,1,B08-076-01,D01
230222251410 ,H10035,1,B08-120-01,D01
230222251410 ,H11013,8,B09-005-01,D01
230222251410 ,H40007,1,B08-085-01,D01
230222251411 ,H10021,1,B09-085-01,B02
230222251411 ,H30016,2,B09-101-01,B02
230222251411 ,H31001,1,B09-175-01,B02
230222251412 ,H01081,1,B10-088-01,A02
230222251412 ,H01082,1,B10-059-01,A02
230222251413 ,H20009,1,B10-087-01,A03
230222251413 ,H20042,3,B08-106-01,A03
230222251414 ,H01081,2,B10-088-01,B01
230222251414 ,H02011,1,B09-120-01,B01
230222251415 ,H01019,1,B09-185-01,B01
230222251415 ,H01031,1,B08-091-01,B01
230222251416 ,H01035,2,B10-021-01,C01
230222251416 ,H01097,2,B08-100-01,C01
230222251417 ,H01064,1,B09-126-01,B03
230222251417 ,H10020,1,B09-122-02,B03
230222251418 ,L00001,2,B09-056-01,B03
230222251418 ,L00002,2,B10-056-02,B03
230222251419 ,H00030,1,B10-015-01,B02
230222251419 ,L00001,4,B09-056-01,B02
230222251420 ,H10035,1,B08-120-01,B02
230222251420 ,H20013,1,B10-043-02,B02
230222251420 ,H20021,2,B10-050-01,B02
230222251421 ,H00018,4,B09-045-01,B01
230222251421 ,H20009,2,B10-087-01,B01
230222251422 ,H01081,1,B10-088-01,C01
230222251422 ,H01082,1,B10-059-01,C01
230222251422 ,H40007,1,B08-085-01,C01
230222251422 ,L00001,2,B09-056-01,C01
230222251422 ,L00002,2,B10-056-02,C01
230222251423 ,H01010,1,B10-040-02,B01
230222251423 ,H01014,1,B09-044-01,B01
230222251423 ,H10021,1,B09-085-01,B01
230222251424 ,H02010,1,B09-069-01,B02
230222251424 ,H10003,2,B09-165-01,B02
230222251424 ,H10008,3,B10-092-01,B02
230222251424 ,H30011,2,B10-036-01,B02
230222251424 ,H40007,1,B08-085-01,B02
230222251424 ,H42002,5,B10-083-01,B02
230222251425 ,H11013,8,B09-005-01,C01
230222251425 ,H20021,6,B10-050-01,C01
230222251426 ,H01010,1,B10-040-02,B02
230222251426 ,H12008,5,B08-081-01,B02
230222251427 ,H00016,4,B09-106-01,D01
230222251427 ,H01041,1,B09-181-01,D01
230222251427 ,H10027,1,B08-096-01,D01
230222251428 ,H01032,5,B10-072-01,B01
230222251428 ,H10008,3,B10-092-01,B01
230222251428 ,H31001,1,B09-175-01,B01
230222251429 ,H10012,1,B09-130-01,B01
230222251429 ,H30001,6,B09-070-02,B01
230222251430 ,H01066,2,B10-054-02,A03
230222251430 ,H31001,1,B09-175-01,A03
230222251431 ,H20011,1,B08-080-01,B01
230222251431 ,H20043,2,B10-076-02,B01
230222251431 ,H30003,2,B09-166-01,B01
230222251432 ,H10003,2,B09-165-01,B02
230222251432 ,H10030,1,B08-076-01,B02
230222251432 ,H10035,1,B08-120-01,B02
230222251433 ,H10021,1,B09-085-01,B01
230222251433 ,H20026,1,B10-026-01,B01
230222251434 ,H20027,1,B08-116-01,C01
230222251434 ,H20028,1,B09-156-01,C01
230222251435 ,H00016,4,B09-106-01,B01
230222251435 ,P00004,2,B09-124-02,B01
230222251436 ,H01019,1,B09-185-01,B01
230222251436 ,H01029,1,B10-084-02,B01
230222251437 ,H01054,2,B10-051-01,D01
230222251437 ,H10027,1,B08-096-01,D01
230222251437 ,H40007,1,B08-085-01,D01
230222251438 ,H10035,1,B08-120-01,C01
230222251438 ,H11001,12,B10-001-01,C01
230222251439 ,H01081,1,B10-088-01,A02
230222251439 ,H01082,1,B10-059-01,A02
230222251440 ,H01064,1,B09-126-01,B03
230222251440 ,P00008,1,B09-122-01,B03
230222251440 ,P02003,1,B10-072-02,B03
230222251440 ,P02006,1,B09-147-01,B03
230222251441 ,H01019,1,B09-185-01,C01
230222251441 ,H01031,1,B08-091-01,C01
230222251441 ,H10030,1,B08-076-01,C01
230222251441 ,H10035,1,B08-120-01,C01
230222251442 ,H01044,5,B10-061-01,B03
230222251442 ,H01081,2,B10-088-01,B03
230222251442 ,H02015,2,B10-078-02,B03
230222251443 ,H02004,2,B10-076-01,C01
230222251443 ,H02011,1,B09-120-01,C01
230222251443 ,H41007,2,B09-045-02,C01
230222251443 ,P02003,1,B10-072-02,C01
230222251444 ,H10008,3,B10-092-01,B02
230222251444 ,H10021,1,B09-085-01,B02
230222251444 ,H10030,1,B08-076-01,B02
230222251444 ,H10035,1,B08-120-01,B02
230222251444 ,H40007,1,B08-085-01,B02
230222251445 ,H10020,1,B09-122-02,B01
230222251445 ,H22006,6,B09-051-01,B01
230222251446 ,H10042,2,B09-171-01,B02
230222251446 ,H10043,4,B09-095-01,B02
230222251446 ,H30001,3,B09-070-02,B02
230222251447 ,H01019,1,B09-185-01,C01
230222251447 ,H01029,1,B10-084-02,C01
230222251447 ,H01036,10,B09-148-01,C01
230222251448 ,H01046,6,B09-145-01,C01
230222251448 ,H01068,1,B09-115-01,C01
230222251449 ,H10012,1,B09-130-01,B02
230222251449 ,H31001,1,B09-175-01,B02
230222251450 ,H00004,4,B09-041-02,C01
230222251450 ,H01044,10,B10-061-01,C01
230222251451 ,H20013,1,B10-043-02,A03
230222251451 ,H20021,2,B10-050-01,A03
230222251452 ,H11003,1,B10-082-01,B03
230222251452 ,H20036,1,B09-135-01,B03
230222251452 ,H40007,1,B08-085-01,B03
230222251453 ,H00001,1,B10-070-02,D01
230222251453 ,H00003,1,B10-067-01,D01
230222251453 ,H00004,1,B09-041-02,D01
230222251453 ,H00006,1,B10-057-02,D01
230222251453 ,H01081,1,B10-088-01,D01
230222251453 ,H01082,1,B10-059-01,D01
230222251453 ,H10008,3,B10-092-01,D01
230222251453 ,H10021,1,B09-085-01,D01
230222251453 ,H220101,2,B10-005-01,D01
230222251455 ,H01054,2,B10-051-01,C01
230222251455 ,H10035,1,B08-120-01,C01
230222251455 ,H12015,5,B09-116-01,C01
230222251455 ,H12015,5,B09-116-01,C01
230222251456 ,H01032,10,B10-072-01,B01
230222251456 ,H10021,1,B09-085-01,B01
230222251457 ,H01081,1,B10-088-01,A02
230222251457 ,H01082,1,B10-059-01,A02
230222251458 ,H00018,4,B09-045-01,B01
230222251458 ,H01073,5,B10-082-02,B01
230222251459 ,H01058,3,B10-094-01,C01
230222251459 ,H01064,1,B09-126-01,C01
230222251459 ,H01066,2,B10-054-02,C01
230222251459 ,H01081,2,B10-088-01,C01
230222251459 ,H11015,8,B09-020-01,C01
230222251460 ,H00030,1,B10-015-01,B01
230222251460 ,H51003,2,B10-056-01,B01
230222251576 ,PRO01KR2204_C,3,A01-074-02,A01
230222251576 ,PRO02KR2005_P,3,A01-067-02,A01
230222251576 ,VIT01KR2210_M,1,A01-063-02,A01
230222251578 ,PRO01KR2204_C,3,A01-074-02,A02
230222251578 ,VIT01KR2204_M,3,A02-075-01,A02
230222251578 ,VIT01KR2210_M,1,A01-063-02,A02
230222251583 ,PRO01KR2204_C,6,A01-074-02,A01
230222251583 ,VIT01KR2210_M,2,A01-063-02,A01
230222251584 ,BTA01KR2102_C01B,2,A01-066-02,C01
230222251584 ,VIT01KR2108_M,12,A01-075-02,C01
230222251584 ,VIT01KR2209_O,3,A01-055-02,C01
230222251592 ,PRO01KR2204_C,3,A01-074-02,A02
230222251592 ,VIT01KR2204_M,3,A02-075-01,A02
230222251592 ,VIT01KR2210_M,1,A01-063-02,A02
230222251603 ,FOL01KR2211_T,3,A01-062-01,A01
230222251603 ,PRE01KR2210_P,2,A01-072-01,A01
230222251609 ,PRO01KR2204_C,6,A01-074-02,A02
230222251609 ,VIT01KR2204_M,3,A02-075-01,A02
230222251625 ,PRO01KR2204_C,3,A01-074-02,A02
230222251625 ,VIT01KR2204_M,3,A02-075-01,A02
230222251625 ,VIT01KR2210_M,1,A01-063-02,A02
230222251626 ,MAG01KR2209_P,4,A02-073-01,A02
230222251626 ,VIT01KR2204_M,3,A02-075-01,A02
230222251628 ,PRO01KR2204_C,3,A01-074-02,A01
230222251628 ,PRO01KR2204_C,3,A01-074-02,A01
230222251628 ,VIT01KR2210_M,1,A01-063-02,A01
230222251628 ,VIT01KR2210_M,1,A01-063-02,A01
230222251629 ,PRO01KR2204_C,6,A01-074-02,A01
230222251629 ,VIT01KR2210_M,2,A01-063-02,A01
230222251726 ,FSN-AAS0044A,4,A09-055-01,B02
230222251726 ,FSN-ADS0016A,4,A09-022-02,B02
230222251726 ,FSN-ORG0001A,1,A09-171-01,B02
230222251726 ,FSN-ORG0001A,1,A09-171-01,B02
230222251727 ,FSN-DSA0023A,3,A09-051-01,B02
230222251727 ,SSN-DPT0009A,3,A09-137-01,B02
230222251743 ,SS2109150026,1,A06-090-01,B01
230222251743 ,SS2109150027,1,A06-085-01,B01
230222251744 ,SS2109150006,1,A06-150-02,B02
230222251744 ,SS2109150026,1,A06-090-01,B02
230222251744 ,SS2109150027,1,A06-085-01,B02
230222251745 ,SS2109150014,2,A06-175-01,A02
230222251745 ,SS2109150030,1,A06-185-01,A02
230222251746 ,SS2109150022,1,A06-076-01,B01
230222251746 ,SS2109150030,1,A06-185-01,B01
230222251747 ,SS2109150011,1,A06-020-01,A02
230222251747 ,SS2109150014,1,A06-175-01,A02
230222251747 ,SS2109150030,1,A06-185-01,A02
230222251748 ,SS2109150011,1,A06-020-01,A02
230222251748 ,SS2109150014,1,A06-175-01,A02
230222251748 ,SS2109150030,1,A06-185-01,A02
230222251749 ,SS2109150024,1,A06-071-01,B01
230222251749 ,SS2109150030,1,A06-185-01,B01
230222251750 ,SS2109150011,1,A06-020-01,A02
230222251750 ,SS2109150014,1,A06-175-01,A02
230222251750 ,SS2109150030,1,A06-185-01,A02
230222251751 ,SS2109150024,2,A06-071-01,C01
230222251751 ,SS2109150030,2,A06-185-01,C01
230222251758 ,CGTB0108A-9808-A,1,B05-169-02,A03
230222251758 ,CGTP0201A-0432-D,2,S04-009-02,A03
230222251758 ,GP1007,1,S04-007-03,A03
230222251759 ,CGTP0401A-6907-A,1,S04-006-01,A01
230222251759 ,CGTP0402A-6914-A,1,S04-005-04,A01
230222251759 ,CGTP0403A-6921-A,1,S04-001-02,A01
230222251760 ,CGTB0108A-9808-A,1,B05-169-02,A03
230222251760 ,CGTP0201A-0432-D,2,S04-009-02,A03
230222251760 ,GP1007,1,S04-007-03,A03
230222251761 ,CGTB0108A-9808-A,1,B05-169-02,A03
230222251761 ,CGTP0201A-0432-D,1,S04-009-02,A03
230222251761 ,CGTP0202A-0449-D,1,B05-001-01,A03
230222251761 ,GP1007,1,S04-007-03,A03
230222251798 ,A111076,2,A03-029-02,A01
230222251798 ,E000002,2,A03-030-01,A01
230222251798 ,E102197,2,A03-028-01,A01
230222251798 ,E138103,2,A03-027-01,A01
230222251800 ,A111281,1,A03-026-02,B03
230222251800 ,E000013,1,A03-031-01,B03
230222251806 ,A111274,1,A03-031-02,A02
230222251806 ,E000012,1,A03-025-01,A02
230222251809 ,A111274,1,A03-031-02,A02
230222251809 ,E000012,1,A03-025-01,A02
230222251818 ,A107802,1,A03-016-01,A02
230222251818 ,E000009,1,A03-034-02,A02
230222251820 ,A111274,1,A03-031-02,A02
230222251820 ,E000012,1,A03-025-01,A02
230222251822 ,A111274,1,A03-031-02,A02
230222251822 ,E000012,1,A03-025-01,A02
230222251824 ,A107802,1,A03-016-01,A02
230222251824 ,E000009,1,A03-034-02,A02
230222251891 ,SFREFM50,2,A05-043-02,A01
230222251891 ,VTGRGG100,1,A05-047-01,A01
230222251891 ,VTGRGO100,1,A05-121-02,A01
230222251892 ,GDO820R,3,A05-006-01,A02
230222251892 ,GSL100R,1,A05-036-01,A02
230222251892 ,VTGRGG100,1,A05-047-01,A02
230222251892 ,VTGRGO100,1,A05-121-02,A02
230222251893 ,OTMEBAG30,1,A05-176-01,A03
230222251893 ,OTMIML30,1,A05-190-01,A03
230222251893 ,SFRINS30,1,A05-149-01,A03
230222251893 ,VTGRGG100,1,A05-047-01,A03
230222251893 ,VTGRGO100,1,A05-121-02,A03
230222251894 ,IJDNK2NX6R,2,A05-142-01,A01
230222251894 ,VTGRGG100,1,A05-047-01,A01
230222251894 ,VTGRGO100,1,A05-121-02,A01
230222251895 ,SFREFM,1,A05-137-02,A01
230222251895 ,VTGRGG100,1,A05-047-01,A01
230222251895 ,VTGRGO100,1,A05-121-02,A01
230222251896 ,OTMEBAG30,1,A05-176-01,A03
230222251896 ,OTMIML30,1,A05-190-01,A03
230222251896 ,SFRINS30,1,A05-149-01,A03
230222251896 ,VTGRGG100,1,A05-047-01,A03
230222251896 ,VTGRGO100,1,A05-121-02,A03
230222251897 ,GSL100R,1,A05-036-01,A02
230222251897 ,GSL750R,3,A05-161-01,A02
230222251897 ,VTGRGG100,1,A05-047-01,A02
230222251897 ,VTGRGO100,1,A05-121-02,A02
230222251898 ,IJDNK2NX6R,2,A05-142-01,A01
230222251898 ,VTGRGG100,1,A05-047-01,A01
230222251898 ,VTGRGO100,1,A05-121-02,A01
230222251899 ,IJDNB1X6R,2,A06-026-01,A01
230222251899 ,VTGRGG100,1,A05-047-01,A01
230222251899 ,VTGRGO100,1,A05-121-02,A01
230222251900 ,GDO820R,3,A05-006-01,A02
230222251900 ,GSL100R,1,A05-036-01,A02
230222251900 ,VTGRGG100,1,A05-047-01,A02
230222251900 ,VTGRGO100,1,A05-121-02,A02
230222251901 ,MMJHT,1,A05-131-01,A02
230222251901 ,MMJVMS60,2,A05-070-01,A02
230222251901 ,VTGRGG100,1,A05-047-01,A02
230222251901 ,VTGRGO100,1,A05-121-02,A02
230222251902 ,ILOCB1-S,2,A05-131-02,A01
230222251902 ,VTGRGG100,1,A05-047-01,A01
230222251902 ,VTGRGO100,1,A05-121-02,A01
230222251903 ,OTMEBAG30,2,A05-176-01,B01
230222251903 ,OTMIM1-S,2,A05-145-01,B01
230222251903 ,OTMIML30,2,A05-190-01,B01
230222251903 ,VTGRGG100,1,A05-047-01,B01
230222251903 ,VTGRGO100,1,A05-121-02,B01
230222251904 ,GDO820R,3,A05-006-01,A02
230222251904 ,GSL100R,1,A05-036-01,A02
230222251904 ,VTGRGG100,1,A05-047-01,A02
230222251904 ,VTGRGO100,1,A05-121-02,A02
230222251905 ,GDO820R,3,A05-006-01,A02
230222251905 ,GSL100R,1,A05-036-01,A02
230222251905 ,VTGRGG100,1,A05-047-01,A02
230222251905 ,VTGRGO100,1,A05-121-02,A02
230222251906 ,OTMIML7,1,A05-015-01,A01
230222251906 ,VTGRGG100,1,A05-047-01,A01
230222251906 ,VTGRGO100,1,A05-121-02,A01
230222251907 ,GDO820R,3,A05-006-01,A02
230222251907 ,GSL100R,1,A05-036-01,A02
230222251907 ,VTGRGG100,1,A05-047-01,A02
230222251907 ,VTGRGO100,1,A05-121-02,A02
230222251908 ,IJDNK1NX6R,2,A05-022-01,A02
230222251908 ,IJDNK3NX6R,2,A05-126-02,A02
230222251908 ,VTGRGG100,1,A05-047-01,A02
230222251908 ,VTGRGO100,1,A05-121-02,A02
230222251909 ,OTMIML7,1,A05-015-01,A01
230222251909 ,VTGRGG100,1,A05-047-01,A01
230222251909 ,VTGRGO100,1,A05-121-02,A01
230222251910 ,IJDNK2NX6R,2,A05-142-01,A01
230222251910 ,VTGRGG100,1,A05-047-01,A01
230222251910 ,VTGRGO100,1,A05-121-02,A01
230222251915 ,GSL100R,1,A05-036-01,A02
230222251915 ,GSL750R,3,A05-161-01,A02
230222251915 ,VTGRGG100,1,A05-047-01,A02
230222251915 ,VTGRGO100,1,A05-121-02,A02
230222251916 ,GGD750N,2,A05-175-01,A01
230222251916 ,GGDP150,1,A05-122-01,A01
230222251916 ,VTGRGG100,1,A05-047-01,A01
230222251916 ,VTGRGO100,1,A05-121-02,A01
230222251917 ,SFREFW,1,A05-127-01,A01
230222251917 ,VTGRGG100,1,A05-047-01,A01
230222251917 ,VTGRGO100,1,A05-121-02,A01
230222251918 ,IJDNK2NX6R,1,A05-142-01,A01
230222251918 ,IJDNKTP1,2,A05-165-01,A01
230222251918 ,VTGRGG100,1,A05-047-01,A01
230222251918 ,VTGRGO100,1,A05-121-02,A01
230222251920 ,ILOCB1-S,2,A05-131-02,A01
230222251920 ,VTGRGG100,1,A05-047-01,A01
230222251920 ,VTGRGO100,1,A05-121-02,A01
230222251921 ,IJDNK2NX6R,1,A05-142-01,A01
230222251921 ,IJDNKTP2,2,A05-153-02,A01
230222251921 ,VTGRGG100,1,A05-047-01,A01
230222251921 ,VTGRGO100,1,A05-121-02,A01
230222251922 ,ILOCB1-S,2,A05-131-02,A01
230222251922 ,VTGRGG100,1,A05-047-01,A01
230222251922 ,VTGRGO100,1,A05-121-02,A01
230222251923 ,IJDNK1NX6R,1,A05-022-01,A01
230222251923 ,IJDNKTP1,2,A05-165-01,A01
230222251923 ,VTGRGG100,1,A05-047-01,A01
230222251923 ,VTGRGO100,1,A05-121-02,A01
230222251924 ,OTMIML7,1,A05-015-01,A01
230222251924 ,VTGRGG100,1,A05-047-01,A01
230222251924 ,VTGRGO100,1,A05-121-02,A01
230222251925 ,GGD750N,2,A05-175-01,A01
230222251925 ,VTGRGG100,1,A05-047-01,A01
230222251925 ,VTGRGO100,1,A05-121-02,A01
230222251926 ,OTMEBAG30,1,A05-176-01,A03
230222251926 ,OTMIML30,1,A05-190-01,A03
230222251926 ,SFRINS30,1,A05-149-01,A03
230222251926 ,VTGRGG100,1,A05-047-01,A03
230222251926 ,VTGRGO100,1,A05-121-02,A03
230222251927 ,IJDNK2NX6R,2,A05-142-01,A01
230222251927 ,VTGRGG100,1,A05-047-01,A01
230222251927 ,VTGRGO100,1,A05-121-02,A01
230222251928 ,IJDNK1NX6R,1,A05-022-01,A01
230222251928 ,IJDNKTP1,2,A05-165-01,A01
230222251928 ,VTGRGG100,1,A05-047-01,A01
230222251928 ,VTGRGO100,1,A05-121-02,A01
230222251930 ,IJDNK2NX6R,1,A05-142-01,A01
230222251930 ,IJDNKTP1,2,A05-165-01,A01
230222251930 ,VTGRGG100,1,A05-047-01,A01
230222251930 ,VTGRGO100,1,A05-121-02,A01
230222251931 ,ILOCB1-S,4,A05-131-02,B02
230222251931 ,ILOCB28,2,A05-035-01,B02
230222251931 ,ILOPINKBAG,1,A05-138-01,B02
230222251931 ,VTGRGG100,1,A05-047-01,B02
230222251931 ,VTGRGO100,1,A05-121-02,B02
230222251932 ,OTMIM1-S,1,A05-145-01,A02
230222251932 ,OTMIML30,1,A05-190-01,A02
230222251932 ,VTGRGG100,1,A05-047-01,A02
230222251932 ,VTGRGO100,1,A05-121-02,A02
230222251933 ,IJDNK1NX6R,1,A05-022-01,A01
230222251933 ,IJDNKTP1,2,A05-165-01,A01
230222251933 ,VTGRGG100,1,A05-047-01,A01
230222251933 ,VTGRGO100,1,A05-121-02,A01
230222251937 ,IJDNK2NX6R,2,A05-142-01,A02
230222251937 ,IJDNK3NX6R,2,A05-126-02,A02
230222251937 ,VTGRGG100,1,A05-047-01,A02
230222251937 ,VTGRGO100,1,A05-121-02,A02
230222251938 ,GDO820R,3,A05-006-01,A02
230222251938 ,GSL100R,1,A05-036-01,A02
230222251938 ,VTGRGG100,1,A05-047-01,A02
230222251938 ,VTGRGO100,1,A05-121-02,A02
230222251939 ,IJDNB1X6R,2,A06-026-01,A01
230222251939 ,VTGRGG100,1,A05-047-01,A01
230222251939 ,VTGRGO100,1,A05-121-02,A01
230222251940 ,GKA380R,4,A05-128-02,A01
230222251940 ,VTGRGG100,1,A05-047-01,A01
230222251940 ,VTGRGO100,1,A05-121-02,A01
230222251941 ,IJDNB2X6R,2,A05-154-02,A01
230222251941 ,IJDNKTP2,4,A05-153-02,A01
230222251941 ,VTGRGG100,1,A05-047-01,A01
230222251941 ,VTGRGO100,1,A05-121-02,A01
230222251942 ,OTMIML7,1,A05-015-01,A01
230222251942 ,VTGRGG100,1,A05-047-01,A01
230222251942 ,VTGRGO100,1,A05-121-02,A01
230222251943 ,SFRBOS,4,A05-125-02,A01
230222251943 ,VTGRGG100,1,A05-047-01,A01
230222251943 ,VTGRGO100,1,A05-121-02,A01
230222251944 ,IJDNB2X6R,2,A05-154-02,A01
230222251944 ,VTGRGG100,1,A05-047-01,A01
230222251944 ,VTGRGO100,1,A05-121-02,A01
230222251945 ,GDO820R,2,A05-006-01,B03
230222251945 ,GWTB10,1,A05-011-01,B03
230222251945 ,VTGRGG100,1,A05-047-01,B03
230222251945 ,VTGRGO100,1,A05-121-02,B03
230222251946 ,GGD750N,2,A05-175-01,A01
230222251946 ,VTGRGG100,1,A05-047-01,A01
230222251946 ,VTGRGO100,1,A05-121-02,A01
230222251947 ,GGD750N,2,A05-175-01,A01
230222251947 ,GGDP150,1,A05-122-01,A01
230222251947 ,VTGRGG100,1,A05-047-01,A01
230222251947 ,VTGRGO100,1,A05-121-02,A01
230222251948 ,ILOCB1-S,2,A05-131-02,A01
230222251948 ,VTGRGG100,1,A05-047-01,A01
230222251948 ,VTGRGO100,1,A05-121-02,A01
230222251949 ,GDO820R,6,A05-006-01,A03
230222251949 ,GSL100R,2,A05-036-01,A03
230222251949 ,VTGRGG100,1,A05-047-01,A03
230222251949 ,VTGRGO100,1,A05-121-02,A03
230222251951 ,ILOCB1-S,2,A05-131-02,A01
230222251951 ,VTGRGG100,1,A05-047-01,A01
230222251951 ,VTGRGO100,1,A05-121-02,A01
230222251952 ,OTMEBAG30,1,A05-176-01,A03
230222251952 ,OTMIML30,1,A05-190-01,A03
230222251952 ,SFRBOS,1,A05-125-02,A03
230222251952 ,VTGRGG100,1,A05-047-01,A03
230222251952 ,VTGRGO100,1,A05-121-02,A03
230222251953 ,IJDNK2NX6R,1,A05-142-01,A01
230222251953 ,IJDNKTP1,2,A05-165-01,A01
230222251953 ,VTGRGG100,1,A05-047-01,A01
230222251953 ,VTGRGO100,1,A05-121-02,A01
230222251954 ,IJDNKTP1,4,A05-165-01,A01
230222251954 ,VTGRGG100,1,A05-047-01,A01
230222251954 ,VTGRGO100,1,A05-121-02,A01
230222251955 ,IJDNKTP1,4,A05-165-01,A01
230222251955 ,VTGRGG100,1,A05-047-01,A01
230222251955 ,VTGRGO100,1,A05-121-02,A01
230222251956 ,IJDNB1X6R,2,A06-026-01,A01
230222251956 ,VTGRGG100,1,A05-047-01,A01
230222251956 ,VTGRGO100,1,A05-121-02,A01
230222251957 ,CCLA120SL,2,A05-154-01,B01
230222251957 ,CCRBAG,2,A06-165-01,B01
230222251957 ,VTGRGG100,1,A05-047-01,B01
230222251957 ,VTGRGO100,1,A05-121-02,B01
230222251958 ,IJDNK3NX6R,1,A05-126-02,A01
230222251958 ,IJDNKTP2,2,A05-153-02,A01
230222251958 ,VTGRGG100,1,A05-047-01,A01
230222251958 ,VTGRGO100,1,A05-121-02,A01
230222251959 ,GGD750N,2,A05-175-01,A01
230222251959 ,VTGRGG100,1,A05-047-01,A01
230222251959 ,VTGRGO100,1,A05-121-02,A01
230222251960 ,IJDNKTP1,4,A05-165-01,A01
230222251960 ,VTGRGG100,1,A05-047-01,A01
230222251960 ,VTGRGO100,1,A05-121-02,A01
230222251961 ,OTMEBAG30,1,A05-176-01,A03
230222251961 ,OTMIML30,1,A05-190-01,A03
230222251961 ,SFRBOS,1,A05-125-02,A03
230222251961 ,VTGRGG100,1,A05-047-01,A03
230222251961 ,VTGRGO100,1,A05-121-02,A03
230222251963 ,OTMIM1-S,2,A05-145-01,A03
230222251963 ,OTMIML30,3,A05-190-01,A03
230222251963 ,VTGRGG100,1,A05-047-01,A03
230222251963 ,VTGRGO100,1,A05-121-02,A03
230222251964 ,OTMIML7,1,A05-015-01,A01
230222251964 ,VTGRGG100,1,A05-047-01,A01
230222251964 ,VTGRGO100,1,A05-121-02,A01
230222251966 ,MMJHT,1,A05-131-01,B02
230222251966 ,MMJHT,1,A05-131-01,B02
230222251966 ,MMJHT,1,A05-131-01,B02
230222251966 ,MMJPP25,4,A05-023-02,B02
230222251966 ,MMJVMP60,2,A05-086-01,B02
230222251966 ,MMJVMS60,2,A05-070-01,B02
230222251966 ,OTMEBAG30,1,A05-176-01,B02
230222251966 ,OTMIML30,1,A05-190-01,B02
230222251966 ,SFRINS30,1,A05-149-01,B02
230222251966 ,VTGRGG100,1,A05-047-01,B02
230222251966 ,VTGRGO100,1,A05-121-02,B02
230222251967 ,IJDNK2NX6R,1,A05-142-01,A01
230222251967 ,IJDNKTP1,2,A05-165-01,A01
230222251967 ,VTGRGG100,1,A05-047-01,A01
230222251967 ,VTGRGO100,1,A05-121-02,A01
230222251969 ,OTMIML7,1,A05-015-01,A01
230222251969 ,VTGRGG100,1,A05-047-01,A01
230222251969 ,VTGRGO100,1,A05-121-02,A01
230222251971 ,IJDNK1NX6R,1,A05-022-01,A01
230222251971 ,IJDNKTP1,2,A05-165-01,A01
230222251971 ,VTGRGG100,1,A05-047-01,A01
230222251971 ,VTGRGO100,1,A05-121-02,A01
230222251972 ,IJDNB1X6R,2,A06-026-01,A01
230222251972 ,VTGRGG100,1,A05-047-01,A01
230222251972 ,VTGRGO100,1,A05-121-02,A01
230222251974 ,OTMEBAG30,1,A05-176-01,A03
230222251974 ,OTMIML30,1,A05-190-01,A03
230222251974 ,SFRBOS,1,A05-125-02,A03
230222251974 ,VTGRGG100,1,A05-047-01,A03
230222251974 ,VTGRGO100,1,A05-121-02,A03
230222251975 ,IJDNK1NX6R,1,A05-022-01,A01
230222251975 ,IJDNKTP1,2,A05-165-01,A01
230222251975 ,VTGRGG100,1,A05-047-01,A01
230222251975 ,VTGRGO100,1,A05-121-02,A01
230222251976 ,ILOCB1-S,2,A05-131-02,A01
230222251976 ,VTGRGG100,1,A05-047-01,A01
230222251976 ,VTGRGO100,1,A05-121-02,A01
230222251978 ,OTMIM1-S,1,A05-145-01,A02
230222251978 ,OTMIML30,1,A05-190-01,A02
230222251978 ,VTGRGG100,1,A05-047-01,A02
230222251978 ,VTGRGO100,1,A05-121-02,A02
230222251980 ,GKG380R,4,A05-139-01,A01
230222251980 ,VTGRGG100,1,A05-047-01,A01
230222251980 ,VTGRGO100,1,A05-121-02,A01
230222251981 ,ILOCB1-S,2,A05-131-02,A01
230222251981 ,VTGRGG100,1,A05-047-01,A01
230222251981 ,VTGRGO100,1,A05-121-02,A01
230222251984 ,IJDNK3NX6R,2,A05-126-02,A02
230222251984 ,IJDNKHS,12,A05-056-02,A02
230222251984 ,VTGRGG100,1,A05-047-01,A02
230222251984 ,VTGRGO100,1,A05-121-02,A02
230222251986 ,TPNPL14,4,A05-046-01,B02
230222251986 ,TPNPM16,8,A05-180-01,B02
230222251986 ,TPNPOS8,2,A05-040-01,B02
230222251986 ,VTGRGG100,1,A05-047-01,B02
230222251986 ,VTGRGO100,1,A05-121-02,B02
230222251988 ,OTMIML7,1,A05-015-01,A01
230222251988 ,VTGRGG100,1,A05-047-01,A01
230222251988 ,VTGRGO100,1,A05-121-02,A01
230222251989 ,IJDNK1NX6R,2,A05-022-01,A02
230222251989 ,IJDNKTP1,4,A05-165-01,A02
230222251989 ,VTGRGG100,1,A05-047-01,A02
230222251989 ,VTGRGO100,1,A05-121-02,A02
230222251998 ,DP131001,1,A01-032-01,A01
230222251998 ,DP133010,1,A01-030-01,A01
230222251998 ,DP-210629-01,4,A01-032-02,A01
230222251999 ,DP133006,1,A01-037-02,A02
230222251999 ,DP133010,1,A01-030-01,A02
230222251999 ,DP-210629-01,4,A01-032-02,A02
230222251999 ,DP-210629-03,3,A01-048-02,A02
230222252000 ,DP133006,1,A01-037-02,A02
230222252000 ,DP133010,1,A01-030-01,A02
230222252000 ,DP135001,3,A01-034-02,A02
230222252000 ,DP-210629-03,3,A01-048-02,A02
230222252001 ,DP133006,1,A01-037-02,A02
230222252001 ,DP133010,1,A01-030-01,A02
230222252001 ,DP135001,3,A01-034-02,A02
230222252001 ,DP-210629-03,3,A01-048-02,A02
230222252002 ,DP133009,8,A01-037-01,A03
230222252002 ,DP133010,1,A01-030-01,A03
230222252002 ,DP133011,1,A01-039-02,A03
230222252002 ,DP-210629-03,3,A01-048-02,A03
230222252002 ,DP237001,4,A01-046-02,A03
230222252003 ,DP133006,1,A01-037-02,A02
230222252003 ,DP133010,1,A01-030-01,A02
230222252003 ,DP-220126-01,8,A01-026-01,A02
230222252006 ,DP133006,1,A01-037-02,A01
230222252006 ,DP133010,1,A01-030-01,A01
230222252006 ,DP-211028-03,8,A01-043-02,A01
230222252010 ,DP133006,1,A01-037-02,A02
230222252010 ,DP133010,1,A01-030-01,A02
230222252010 ,DP-211028-03,4,A01-043-02,A02
230222252010 ,DP232002,4,A01-054-02,A02
230222252012 ,DP133007,4,A01-040-02,A02
230222252012 ,DP133010,1,A01-030-01,A02
230222252012 ,DP133011,1,A01-039-02,A02
230222252012 ,DP133011,4,A01-039-02,A02
230222252012 ,DP272001,3,A01-026-02,A02
230222252014 ,DP131001,1,A01-032-01,A02
230222252014 ,DP133010,1,A01-030-01,A02
230222252014 ,DP135002,3,A01-031-02,A02
230222252014 ,DP-210629-03,3,A01-048-02,A02
230222252015 ,DP133006,1,A01-037-02,A01
230222252015 ,DP133010,1,A01-030-01,A01
230222252015 ,DP135001,9,A01-034-02,A01
230222252017 ,DP133006,1,A01-037-02,A02
230222252017 ,DP133010,1,A01-030-01,A02
230222252017 ,DP-210629-01,4,A01-032-02,A02
230222252017 ,DP-210629-03,3,A01-048-02,A02
230222252018 ,DP131001,1,A01-032-01,A01
230222252018 ,DP133010,1,A01-030-01,A01
230222252018 ,DP237001,4,A01-046-02,A01
230222252020 ,DP133006,1,A01-037-02,A02
230222252020 ,DP133010,1,A01-030-01,A02
230222252020 ,DP135001,3,A01-034-02,A02
230222252020 ,DP233001,3,A01-028-02,A02
230222252020 ,DP272001,3,A01-026-02,A02
230222252024 ,DP133010,1,A01-030-01,A03
230222252024 ,DP133011,1,A01-039-02,A03
230222252024 ,DP237001,12,A01-046-02,A03
230222252025 ,DP133006,1,A01-037-02,A02
230222252025 ,DP133010,1,A01-030-01,A02
230222252025 ,DP-210629-03,3,A01-048-02,A02
230222252025 ,DP-220126-01,4,A01-026-01,A02
230222252027 ,DP133006,1,A01-037-02,A01
230222252027 ,DP133010,1,A01-030-01,A01
230222252027 ,DP133011,4,A01-039-02,A01
230222252027 ,DP237001,1,A01-046-02,A01
230222252029 ,DP133006,1,A01-037-02,A01
230222252029 ,DP133010,1,A01-030-01,A01
230222252029 ,DP135001,3,A01-034-02,A01
230222252029 ,DP272001,3,A01-026-02,A01
230222252030 ,DP131001,1,A01-032-01,A01
230222252030 ,DP133010,1,A01-030-01,A01
230222252030 ,DP237001,4,A01-046-02,A01
230222252032 ,DP131001,1,A01-032-01,A02
230222252032 ,DP133010,1,A01-030-01,A02
230222252032 ,DP134005,3,A01-046-01,A02
230222252032 ,DP-210629-03,3,A01-048-02,A02
230222252033 ,DP131001,1,A01-032-01,A02
230222252033 ,DP133010,1,A01-030-01,A02
230222252033 ,DP-220126-01,2,A01-026-01,A02
230222252033 ,DP271001,4,A01-030-02,A02
230222252037 ,DP131001,8,A01-032-01,A02
230222252037 ,DP131001,1,A01-032-01,A02
230222252037 ,DP133010,1,A01-030-01,A02
230222252038 ,DP131001,1,A01-032-01,A02
230222252038 ,DP133010,1,A01-030-01,A02
230222252038 ,DP134005,6,A01-046-01,A02
230222252038 ,DP232002,4,A01-054-02,A02
230222252043 ,DP131001,1,A01-032-01,A02
230222252043 ,DP133010,1,A01-030-01,A02
230222252043 ,DP-220126-01,3,A01-026-01,A02
230222252043 ,DP-220126-02,3,A01-050-01,A02
230222252044 ,DP133006,1,A01-037-02,A02
230222252044 ,DP133010,1,A01-030-01,A02
230222252044 ,DP135002,12,A01-031-02,A02
230222252048 ,DP133006,1,A01-037-02,A02
230222252048 ,DP133010,1,A01-030-01,A02
230222252048 ,DP-210629-03,3,A01-048-02,A02
230222252048 ,DP233001,3,A01-028-02,A02
230222252051 ,DP133006,1,A01-037-02,A02
230222252051 ,DP133010,1,A01-030-01,A02
230222252051 ,DP-210629-03,3,A01-048-02,A02
230222252051 ,DP233001,3,A01-028-02,A02
230222252052 ,DP133010,1,A01-030-01,B02
230222252052 ,DP133011,1,A01-039-02,B02
230222252052 ,DP-210629-03,12,A01-048-02,B02
230222252053 ,DP133006,1,A01-037-02,A02
230222252053 ,DP133010,1,A01-030-01,A02
230222252053 ,DP135002,3,A01-031-02,A02
230222252053 ,DP232002,4,A01-054-02,A02
230222252053 ,DP271002,2,A01-035-01,A02
230222252054 ,DP133010,3,A01-030-01,A01
230222252054 ,DP232002,4,A01-054-02,A01
230222252055 ,DP131001,1,A01-032-01,A02
230222252055 ,DP133010,1,A01-030-01,A02
230222252055 ,DP-210629-03,3,A01-048-02,A02
230222252055 ,DP232002,4,A01-054-02,A02
230222252057 ,DP131001,1,A01-032-01,A02
230222252057 ,DP133010,1,A01-030-01,A02
230222252057 ,DP135002,3,A01-031-02,A02
230222252057 ,DP-210629-03,3,A01-048-02,A02
230222252058 ,DP131001,1,A01-032-01,A01
230222252058 ,DP133010,1,A01-030-01,A01
230222252058 ,DP237001,4,A01-046-02,A01
230222252059 ,DP131001,1,A01-032-01,A01
230222252059 ,DP133010,3,A01-030-01,A01
230222252059 ,DP133010,1,A01-030-01,A01
230222252059 ,DP134005,3,A01-046-01,A01
230222252059 ,DP135002,3,A01-031-02,A01
230222252062 ,DP131001,1,A01-032-01,A01
230222252062 ,DP133010,1,A01-030-01,A01
230222252062 ,DP135001,3,A01-034-02,A01
230222252062 ,DP223001,1,A01-060-02,A01
230222252065 ,DP133010,1,A01-030-01,A02
230222252065 ,DP133011,1,A01-039-02,A02
230222252065 ,DP135001,3,A01-034-02,A02
230222252065 ,DP135002,3,A01-031-02,A02
230222252065 ,DP-210629-01,4,A01-032-02,A02
230222252065 ,DP232002,4,A01-054-02,A02
230222252067 ,DP133006,1,A01-037-02,A01
230222252067 ,DP133010,1,A01-030-01,A01
230222252067 ,DP-210629-01,4,A01-032-02,A01
230222252067 ,DP-211028-03,4,A01-043-02,A01
230222252068 ,DP133010,1,A01-030-01,A02
230222252068 ,DP133011,1,A01-039-02,A02
230222252068 ,DP-220126-01,4,A01-026-01,A02
230222252068 ,DP272001,6,A01-026-02,A02
230222252070 ,DP133006,1,A01-037-02,A01
230222252070 ,DP133010,1,A01-030-01,A01
230222252070 ,DP-211109-01,4,A01-045-02,A01
230222252070 ,DP233001,3,A01-028-02,A01
230222252072 ,DP131001,1,A01-032-01,A02
230222252072 ,DP133010,1,A01-030-01,A02
230222252072 ,DP-210629-03,4,A01-048-02,A02
230222252074 ,DP131001,1,A01-032-01,A01
230222252074 ,DP133010,1,A01-030-01,A01
230222252074 ,DP-210629-01,4,A01-032-02,A01
230222252075 ,DP133006,1,A01-037-02,B01
230222252075 ,DP133010,1,A01-030-01,B01
230222252075 ,DP135001,3,A01-034-02,B01
230222252075 ,DP-210629-03,6,A01-048-02,B01
230222252075 ,DP271001,2,A01-030-02,B01
230222252076 ,DP133006,1,A01-037-02,A02
230222252076 ,DP133010,1,A01-030-01,A02
230222252076 ,DP134006,3,A01-059-02,A02
230222252076 ,DP-210629-01,4,A01-032-02,A02
230222252078 ,DP133010,3,A01-030-01,A02
230222252078 ,DP-210629-03,3,A01-048-02,A02
230222252079 ,DP133010,3,A01-030-01,A01
230222252079 ,DP271002,2,A01-035-01,A01
230222252082 ,DP131001,1,A01-032-01,A01
230222252082 ,DP133010,1,A01-030-01,A01
230222252082 ,DP133011,4,A01-039-02,A01
230222252083 ,DP131001,1,A01-032-01,A01
230222252083 ,DP133005,3,A01-041-02,A01
230222252083 ,DP133010,1,A01-030-01,A01
230222252084 ,DP131001,1,A01-032-01,A01
230222252084 ,DP133010,1,A01-030-01,A01
230222252084 ,DP134005,3,A01-046-01,A01
230222252084 ,DP135001,3,A01-034-02,A01
230222252088 ,DP133006,1,A01-037-02,A02
230222252088 ,DP133010,1,A01-030-01,A02
230222252088 ,DP-220126-01,8,A01-026-01,A02
230222252091 ,DP133010,1,A01-030-01,B02
230222252091 ,DP133011,1,A01-039-02,B02
230222252091 ,DP-210629-03,12,A01-048-02,B02
230222252093 ,DP131001,1,A01-032-01,A02
230222252093 ,DP133010,1,A01-030-01,A02
230222252093 ,DP-210629-03,3,A01-048-02,A02
230222252093 ,DP232002,4,A01-054-02,A02
230222252094 ,DP133006,1,A01-037-02,A02
230222252094 ,DP133010,1,A01-030-01,A02
230222252094 ,DP-210629-01,4,A01-032-02,A02
230222252094 ,DP-210629-03,3,A01-048-02,A02
230222252096 ,DP131001,1,A01-032-01,A01
230222252096 ,DP133010,1,A01-030-01,A01
230222252096 ,DP237001,4,A01-046-02,A01
230222252101 ,DP131001,1,A01-032-01,A01
230222252101 ,DP133010,1,A01-030-01,A01
230222252101 ,DP133011,4,A01-039-02,A01
230222252103 ,DP133006,1,A01-037-02,A02
230222252103 ,DP133010,1,A01-030-01,A02
230222252103 ,DP232002,4,A01-054-02,A02
230222252103 ,DP272001,3,A01-026-02,A02
230222252104 ,DP131001,1,A01-032-01,A02
230222252104 ,DP133010,1,A01-030-01,A02
230222252104 ,DP-210629-03,1,A01-048-02,A02
230222252104 ,DP272001,3,A01-026-02,A02
230222252111 ,DP133006,1,A01-037-02,A02
230222252111 ,DP133010,1,A01-030-01,A02
230222252111 ,DP134006,3,A01-059-02,A02
230222252111 ,DP271001,4,A01-030-02,A02
230222252111 ,DP272001,3,A01-026-02,A02
230222252112 ,DP-220126-01,2,A01-026-01,A01
230222252112 ,DP-220126-02,2,A01-050-01,A01
230222252113 ,DP133006,1,A01-037-02,A01
230222252113 ,DP133010,1,A01-030-01,A01
230222252113 ,DP135001,3,A01-034-02,A01
230222252113 ,DP-211112-01,1,A01-051-01,A01
230222252116 ,DP131001,1,A01-032-01,A01
230222252116 ,DP133010,1,A01-030-01,A01
230222252116 ,DP-210629-01,3,A01-032-02,A01
230222252117 ,DP133006,1,A01-037-02,A02
230222252117 ,DP133010,3,A01-030-01,A02
230222252117 ,DP133010,1,A01-030-01,A02
230222252117 ,DP134005,6,A01-046-01,A02
230222252117 ,DP232002,4,A01-054-02,A02
230222252118 ,DP133010,8,A01-030-01,A01
230222252118 ,DP271002,4,A01-035-01,A01
230222252119 ,DP131001,1,A01-032-01,A01
230222252119 ,DP133010,1,A01-030-01,A01
230222252119 ,DP237001,3,A01-046-02,A01
230222252122 ,DP133006,1,A01-037-02,A02
230222252122 ,DP133010,1,A01-030-01,A02
230222252122 ,DP271001,6,A01-030-02,A02
230222252122 ,DP271002,6,A01-035-01,A02
230222252123 ,DP133007,4,A01-040-02,A02
230222252123 ,DP133010,1,A01-030-01,A02
230222252123 ,DP133011,1,A01-039-02,A02
230222252123 ,DP135002,3,A01-031-02,A02
230222252123 ,DP-211028-03,4,A01-043-02,A02
230222252123 ,DP-211109-01,4,A01-045-02,A02
230222252127 ,DP133006,1,A01-037-02,A01
230222252127 ,DP133010,1,A01-030-01,A01
230222252127 ,DP-211028-03,8,A01-043-02,A01
230222252128 ,DP271001,4,A01-030-02,A02
230222252128 ,DP271002,4,A01-035-01,A02
230222252129 ,DP131001,1,A01-032-01,A01
230222252129 ,DP133010,1,A01-030-01,A01
230222252129 ,DP233001,3,A01-028-02,A01
230222252131 ,DP133006,1,A01-037-02,A02
230222252131 ,DP133007,4,A01-040-02,A02
230222252131 ,DP133010,1,A01-030-01,A02
230222252131 ,DP-210629-03,3,A01-048-02,A02
230222252132 ,DP133010,1,A01-030-01,B01
230222252132 ,DP133011,1,A01-039-02,B01
230222252132 ,DP-210629-03,6,A01-048-02,B01
230222252132 ,DP233001,6,A01-028-02,B01
230222252134 ,DP133010,3,A01-030-01,A02
230222252134 ,DP-210629-03,3,A01-048-02,A02
230222252136 ,DP133006,1,A01-037-02,A02
230222252136 ,DP133010,1,A01-030-01,A02
230222252136 ,DP134006,2,A01-059-02,A02
230222252136 ,DP-220126-01,3,A01-026-01,A02
230222252136 ,DP-220126-02,3,A01-050-01,A02
230222252136 ,DP232001,2,A01-042-01,A02
230222252137 ,DP133006,1,A01-037-02,A01
230222252137 ,DP133010,1,A01-030-01,A01
230222252137 ,DP-211109-01,8,A01-045-02,A01
230222252138 ,DP133006,1,A01-037-02,A02
230222252138 ,DP133010,1,A01-030-01,A02
230222252138 ,DP-220126-01,8,A01-026-01,A02
230222252139 ,DP131001,1,A01-032-01,A01
230222252139 ,DP133010,1,A01-030-01,A01
230222252139 ,DP237001,4,A01-046-02,A01
230222252140 ,DP133006,1,A01-037-02,A02
230222252140 ,DP133010,1,A01-030-01,A02
230222252140 ,DP-220126-01,4,A01-026-01,A02
230222252140 ,DP272001,3,A01-026-02,A02
230222252142 ,DP133006,1,A01-037-02,A01
230222252142 ,DP133010,1,A01-030-01,A01
230222252142 ,DP-211028-03,4,A01-043-02,A01
230222252142 ,DP-220126-01,4,A01-026-01,A01
230222252144 ,DP131001,1,A01-032-01,A01
230222252144 ,DP133010,1,A01-030-01,A01
230222252144 ,DP134006,3,A01-059-02,A01
230222252144 ,DP135002,3,A01-031-02,A01
230222252145 ,DP131001,1,A01-032-01,A01
230222252145 ,DP133010,1,A01-030-01,A01
230222252145 ,DP237001,4,A01-046-02,A01
230222252146 ,DP133005,3,A01-041-02,A02
230222252146 ,DP133006,1,A01-037-02,A02
230222252146 ,DP133010,1,A01-030-01,A02
230222252146 ,DP133011,4,A01-039-02,A02
230222252152 ,DP133006,1,A01-037-02,A02
230222252152 ,DP133010,1,A01-030-01,A02
230222252152 ,DP-210629-03,3,A01-048-02,A02
230222252152 ,DP-211028-03,4,A01-043-02,A02
230222252153 ,DP133006,1,A01-037-02,A02
230222252153 ,DP133010,1,A01-030-01,A02
230222252153 ,DP-211109-01,4,A01-045-02,A02
230222252153 ,DP237001,4,A01-046-02,A02
230222252154 ,DP133006,1,A01-037-02,A01
230222252154 ,DP133010,1,A01-030-01,A01
230222252154 ,DP-211028-03,4,A01-043-02,A01
230222252154 ,DP272001,3,A01-026-02,A01
230222252155 ,DP131001,1,A01-032-01,A02
230222252155 ,DP133010,1,A01-030-01,A02
230222252155 ,DP-210629-03,4,A01-048-02,A02
230222252156 ,DP133006,1,A01-037-02,A02
230222252156 ,DP133010,1,A01-030-01,A02
230222252156 ,DP-210629-03,3,A01-048-02,A02
230222252156 ,DP-220126-01,4,A01-026-01,A02
230222252158 ,DP133010,1,A01-030-01,A02
230222252158 ,DP133011,1,A01-039-02,A02
230222252158 ,DP135001,6,A01-034-02,A02
230222252158 ,DP-211028-03,4,A01-043-02,A02
230222252158 ,DP-211109-01,4,A01-045-02,A02
230222252163 ,DP131001,1,A01-032-01,A02
230222252163 ,DP133010,1,A01-030-01,A02
230222252163 ,DP-220126-02,6,A01-050-01,A02
230222252164 ,DP131001,1,A01-032-01,A01
230222252164 ,DP133010,1,A01-030-01,A01
230222252164 ,DP-210629-01,4,A01-032-02,A01
230222252165 ,DP133006,1,A01-037-02,A03
230222252165 ,DP133010,1,A01-030-01,A03
230222252165 ,DP-210629-03,6,A01-048-02,A03
230222252166 ,DP131001,1,A01-032-01,A01
230222252166 ,DP133010,1,A01-030-01,A01
230222252166 ,DP-210629-01,4,A01-032-02,A01
230222252167 ,DP133010,1,A01-030-01,A02
230222252167 ,DP133011,4,A01-039-02,A02
230222252167 ,DP133011,1,A01-039-02,A02
230222252167 ,DP135001,3,A01-034-02,A02
230222252167 ,DP135002,4,A01-031-02,A02
230222252168 ,DP131001,2,A01-032-01,A01
230222252168 ,DP131001,1,A01-032-01,A01
230222252168 ,DP133010,1,A01-030-01,A01
230222252168 ,DP135001,3,A01-034-02,A01
230222252169 ,DP133006,1,A01-037-02,A02
230222252169 ,DP133010,1,A01-030-01,A02
230222252169 ,DP-210629-03,3,A01-048-02,A02
230222252169 ,DP272001,3,A01-026-02,A02
230222252170 ,DP131001,1,A01-032-01,A01
230222252170 ,DP133010,1,A01-030-01,A01
230222252170 ,DP135002,6,A01-031-02,A01
230222252172 ,DP133006,1,A01-037-02,A02
230222252172 ,DP133010,1,A01-030-01,A02
230222252172 ,DP-220126-01,4,A01-026-01,A02
230222252172 ,DP271002,4,A01-035-01,A02
230222252173 ,DP131001,1,A01-032-01,A01
230222252173 ,DP133010,1,A01-030-01,A01
230222252173 ,DP133011,4,A01-039-02,A01
230222252174 ,DP133006,1,A01-037-02,A02
230222252174 ,DP133010,1,A01-030-01,A02
230222252174 ,DP133010,6,A01-030-01,A02
230222252174 ,DP134006,3,A01-059-02,A02
230222252174 ,DP-210629-03,3,A01-048-02,A02
230222252176 ,DP131001,1,A01-032-01,A01
230222252176 ,DP133010,1,A01-030-01,A01
230222252176 ,DP237001,4,A01-046-02,A01
230222252177 ,DP133006,1,A01-037-02,A01
230222252177 ,DP133010,1,A01-030-01,A01
230222252177 ,DP133011,4,A01-039-02,A01
230222252179 ,DP131001,1,A01-032-01,A01
230222252179 ,DP133010,1,A01-030-01,A01
230222252179 ,DP133011,4,A01-039-02,A01
230222252181 ,DP131001,1,A01-032-01,A01
230222252181 ,DP133010,1,A01-030-01,A01
230222252181 ,DP-210629-01,4,A01-032-02,A01
230222252182 ,DP133006,1,A01-037-02,A01
230222252182 ,DP133010,1,A01-030-01,A01
230222252182 ,DP134005,3,A01-046-01,A01
230222252182 ,DP272001,3,A01-026-02,A01
230222252183 ,DP133006,1,A01-037-02,A02
230222252183 ,DP133010,1,A01-030-01,A02
230222252183 ,DP-210629-03,3,A01-048-02,A02
230222252183 ,DP272001,3,A01-026-02,A02
230222252187 ,DP133006,1,A01-037-02,A02
230222252187 ,DP133010,1,A01-030-01,A02
230222252187 ,DP-211109-01,4,A01-045-02,A02
230222252187 ,DP-220126-01,4,A01-026-01,A02
230222252188 ,DP131001,2,A01-032-01,A02
230222252188 ,DP133006,1,A01-037-02,A02
230222252188 ,DP133010,1,A01-030-01,A02
230222252188 ,DP134006,2,A01-059-02,A02
230222252188 ,DP271002,2,A01-035-01,A02
230222252188 ,DP272001,3,A01-026-02,A02
230222252192 ,DP131001,1,A01-032-01,A03
230222252192 ,DP133010,1,A01-030-01,A03
230222252192 ,DP-210629-03,5,A01-048-02,A03
230222252194 ,DP133006,1,A01-037-02,A01
230222252194 ,DP133010,1,A01-030-01,A01
230222252194 ,DP135001,3,A01-034-02,A01
230222252194 ,DP272001,3,A01-026-02,A01
230222252195 ,DP133007,4,A01-040-02,B01
230222252195 ,DP133010,1,A01-030-01,B01
230222252195 ,DP133011,1,A01-039-02,B01
230222252195 ,DP134006,3,A01-059-02,B01
230222252195 ,DP-210629-01,4,A01-032-02,B01
230222252195 ,DP-211109-01,4,A01-045-02,B01
230222252195 ,DP-220126-01,4,A01-026-01,B01
230222252195 ,DP232002,4,A01-054-02,B01
230222252196 ,DP133005,3,A01-041-02,A02
230222252196 ,DP133010,1,A01-030-01,A02
230222252196 ,DP133011,1,A01-039-02,A02
230222252196 ,DP-211109-01,4,A01-045-02,A02
230222252196 ,DP271002,2,A01-035-01,A02
230222252196 ,DP272001,3,A01-026-02,A02
230222252197 ,DP133006,1,A01-037-02,A02
230222252197 ,DP133010,1,A01-030-01,A02
230222252197 ,DP-210629-03,3,A01-048-02,A02
230222252197 ,DP-220126-01,4,A01-026-01,A02
230222252198 ,DP133006,1,A01-037-02,A02
230222252198 ,DP133010,3,A01-030-01,A02
230222252198 ,DP133010,1,A01-030-01,A02
230222252198 ,DP272001,6,A01-026-02,A02
230222252199 ,DP131001,1,A01-032-01,A01
230222252199 ,DP133007,4,A01-040-02,A01
230222252199 ,DP133010,1,A01-030-01,A01
230222252199 ,DP134005,3,A01-046-01,A01
230222252351 ,PL102030101IN1,2,A01-042-02,A02
230222252351 ,PS101010011IN1,1,A01-003-02,A02
230222252352 ,PL101010201IN1,3,A01-014-01,A02
230222252352 ,PS101010011IN1,1,A01-003-02,A02
230222252353 ,PS101010011IN1,1,A01-003-02,A01
230222252353 ,PY101010601IN1,2,A01-010-02,A01
230222252354 ,PL103000104IN1,6,A01-023-01,A01
230222252354 ,PS101010011IN1,1,A01-003-02,A01
230222252357 ,MRTAI001,1,A04-121-02,A01
230222252357 ,XGIFT010,1,A04-121-01,A01
230222252365 ,J1839,2,A02-150-01,A01
230222252365 ,P1936,1,A02-130-01,A01
230222252365 ,Z0562,1,A02-131-01,A01
230222252366 ,J1839,2,A02-150-01,A01
230222252366 ,P1936,1,A02-130-01,A01
230222252366 ,Z0562,1,A02-131-01,A01
230222252367 ,J2332,4,A02-127-02,A01
230222252367 ,J2333,2,A02-023-01,A01
230222252368 ,J2229,1,A02-087-02,A03
230222252368 ,J2230,1,A02-099-02,A03
230222252369 ,J1839,4,A02-150-01,A02
230222252369 ,P1936,2,A02-130-01,A02
230222252369 ,Z0562,2,A02-131-01,A02
230222252370 ,J1839,2,A02-150-01,A01
230222252370 ,P1936,1,A02-130-01,A01
230222252370 ,Z0562,1,A02-131-01,A01
230222252371 ,J2102,1,A02-050-01,A01
230222252371 ,J2392,1,A02-016-01,A01
230222252372 ,J1119,2,A02-036-01,B03
230222252372 ,J1120,2,A02-061-01,B03
230222252372 ,J1121,2,A02-067-02,B03
230222252372 ,J2391,2,A02-046-02,B03
230222252373 ,J1839,6,A02-150-01,B01
230222252373 ,P1936,3,A02-130-01,B01
230222252373 ,Z0562,1,A02-131-01,B01
230222252374 ,J1839,3,A02-150-01,A02
230222252374 ,P1936,2,A02-130-01,A02
230222252374 ,Z0562,1,A02-131-01,A02
230222252375 ,J2016,4,A02-125-02,A03
230222252375 ,Z0592,1,A02-021-01,A03
230222252376 ,J1839,2,A02-150-01,A01
230222252376 ,P1936,1,A02-130-01,A01
230222252376 ,Z0562,1,A02-131-01,A01
230222252377 ,J0783,2,A02-074-02,A02
230222252377 ,J0784,2,A02-097-02,A02
230222252377 ,J0785,2,A02-103-02,A02
230222252377 ,J0786,2,A02-061-02,A02
230222252378 ,J1839,2,A02-150-01,A01
230222252378 ,P1936,1,A02-130-01,A01
230222252378 ,Z0562,1,A02-131-01,A01
230222252379 ,J1119,2,A02-036-01,B03
230222252379 ,J1120,2,A02-061-01,B03
230222252379 ,J1121,2,A02-067-02,B03
230222252379 ,J2391,2,A02-046-02,B03
230222252411 ,1D2A-008-01,1,A04-173-01,B03
230222252411 ,1D2A-008-04,1,A04-139-01,B03
230222252432 ,ELOS001,1,B05-120-01,A01
230222252432 ,ELOSBIO00001,1,B05-123-01,A01
230222252433 ,ELOS001,2,B05-120-01,A02
230222252433 ,ELOSBIO00001,1,B05-123-01,A02
230222252434 ,ELOS011,1,B05-075-01,A01
230222252434 ,ELOSBIO00008,1,B05-124-02,A01
230222252435 ,ELOS001,1,B05-120-01,A01
230222252435 ,ELOSBIO00001,1,B05-123-01,A01
230222252436 ,ELOS009,2,B03-104-01,A02
230222252436 ,ELOSBIO00007,1,B05-125-02,A02
230222252437 ,ELOS011,4,B05-075-01,A03
230222252437 ,ELOSBIO00008,1,B05-124-02,A03
230222252438 ,ELOS001,1,B05-120-01,A01
230222252438 ,ELOSBIO00001,1,B05-123-01,A01
230222252439 ,ELOS001,1,B05-120-01,A01
230222252439 ,ELOSBIO00001,1,B05-123-01,A01
230222252440 ,ELOS001,2,B05-120-01,A02
230222252440 ,ELOSBIO00001,1,B05-123-01,A02
230222252441 ,ELOS010,1,B05-100-01,A01
230222252441 ,ELOSBIO00006,1,B05-122-02,A01
230222252442 ,ELOS010,1,B05-100-01,A01
230222252442 ,ELOSBIO00006,1,B05-122-02,A01
230222252443 ,ELOS012,1,B05-110-01,A01
230222252443 ,ELOS013,1,B05-106-01,A01
230222252443 ,ELOSBIO00011,1,B05-126-01,A01
230222252444 ,ELOS003,1,B05-111-01,A02
230222252444 ,ELOSBIO00002,1,B05-058-01,A02
230222252445 ,ELOS010,2,B05-100-01,A01
230222252445 ,ELOSBIO00006,1,B05-122-02,A01
230222252446 ,ELOS001,1,B05-120-01,A01
230222252446 ,ELOSBIO00001,1,B05-123-01,A01
230222252447 ,ELOS001,1,B05-120-01,A01
230222252447 ,ELOSBIO00001,1,B05-123-01,A01
230222252448 ,ELOS010,2,B05-100-01,A01
230222252448 ,ELOSBIO00006,1,B05-122-02,A01
230222252449 ,ELOS002,1,B05-116-01,A01
230222252449 ,ELOSBIO00001,1,B05-123-01,A01
230222252450 ,ELOS001,1,B05-120-01,A01
230222252450 ,ELOSBIO00001,1,B05-123-01,A01
230222252451 ,ELOS003,1,B05-111-01,A02
230222252451 ,ELOS004,1,B05-121-01,A02
230222252451 ,ELOSBIO00002,1,B05-058-01,A02
230222252452 ,ELOS001,1,B05-120-01,A01
230222252452 ,ELOSBIO00001,1,B05-123-01,A01
230222252453 ,ELOS010,3,B05-100-01,A02
230222252453 ,ELOSBIO00006,1,B05-122-02,A02
230222252474 ,CRTE1318,1,A03-064-01,A01
230222252474 ,DMCH0959,1,A03-070-02,A01
230222252475 ,CRTE1318,1,A03-064-01,A01
230222252475 ,CRTE4186,1,A03-063-02,A01
230222252475 ,DMCH5402,1,A03-061-02,A01
230222252476 ,BODM8817,1,A03-066-02,A01
230222252476 ,DMCH0959,1,A03-070-02,A01
230222252477 ,BODM9641,4,A03-065-01,A02
230222252477 ,DMCH1269,1,A03-067-02,A02
230222252478 ,CRTE4186,2,A03-063-02,A01
230222252478 ,DMCH5402,1,A03-061-02,A01
230222252479 ,BODM9641,1,A03-065-01,A01
230222252479 ,DMCH0959,1,A03-070-02,A01
230222252480 ,CRTE1318,1,A03-064-01,A01
230222252480 ,DMCH0959,1,A03-070-02,A01
230222252481 ,CRTE1318,1,A03-064-01,A01
230222252481 ,DMCH0959,1,A03-070-02,A01
230222252482 ,CRTE1318,1,A03-064-01,A01
230222252482 ,DMCH0959,1,A03-070-02,A01
230222252483 ,CRTE4186,1,A03-063-02,A01
230222252483 ,DMCH0959,1,A03-070-02,A01
230222252484 ,CRTE1318,1,A03-064-01,A01
230222252484 ,DMCH0959,1,A03-070-02,A01
230222252485 ,BODM9641,1,A03-065-01,A01
230222252485 ,DMCH0959,1,A03-070-02,A01
230222252486 ,ONACC009F,1,B05-162-01,B01
230222252486 ,ONGSW005C,1,B03-026-01,B01
230222252498 ,H00016,2,B09-106-01,B01
230222252498 ,H00017,1,B10-044-01,B01
230222252498 ,H30001,2,B09-070-02,B01
230222252501 ,IP0008,1,S03-024-05,A02
230222252501 ,SG0001,1,S03-022-03,A02
230222252501 ,SG0002,1,S03-019-04,A02
230222252501 ,SG0003,1,B05-056-02,A02
230222252529 ,FOOTESSENCE,1,B03-106-02,A01
230222252529 ,S19043,1,B03-145-02,A01
230222252530 ,FOOTESSENCE,1,B03-106-02,A01
230222252530 ,S18337,1,B03-115-01,A01
230222252531 ,FOOTESSENCE,1,B03-106-02,A01
230222252531 ,S18925,1,B03-110-01,A01
230222252532 ,S18337,1,B03-115-01,A02
230222252532 ,S18925,1,B03-110-01,A02
230222252533 ,FOOTESSENCE,1,B03-106-02,A01
230222252533 ,S18925,1,B03-110-01,A01
230222252534 ,S18337,1,B03-115-01,A02
230222252534 ,S18925,1,B03-110-01,A02
230222252547 ,S15438,1,B03-131-02,A01
230222252547 ,S16913,1,B03-100-01,A01
230222252548 ,S15446,1,B03-103-02,A03
230222252548 ,S15454,2,B03-105-02,A03
230222252549 ,S16913,1,B03-100-01,A01
230222252549 ,S18339,1,B03-103-01,A01
230222252550 ,S15440,3,B03-130-02,A01
230222252550 ,S15442,2,B03-135-02,A01
230222252551 ,S16201,1,B03-106-01,A01
230222252551 ,S16913,1,B03-100-01,A01
230222252552 ,S15438,1,B03-131-02,A01
230222252552 ,S15440,1,B03-130-02,A01
230222252553 ,S15458,1,B03-140-02,A01
230222252553 ,S16446,1,B03-096-01,A01
230222252554 ,BEYONDCHEW,3,B03-116-01,A01
230222252554 ,S18535,1,B03-111-01,A01
230222252554 ,S18555,1,B03-105-01,A01
230222252555 ,S15442,2,B03-135-02,A01
230222252555 ,S16913,2,B03-100-01,A01
230222252556 ,S15438,1,B03-131-02,A01
230222252556 ,S16913,2,B03-100-01,A01
230222252557 ,S15440,1,B03-130-02,A01
230222252557 ,S15442,2,B03-135-02,A01
230222252557 ,S16913,1,B03-100-01,A01
230222252558 ,S15458,1,B03-140-02,A01
230222252558 ,S16889,1,B03-116-02,A01
230222252558 ,S22635,1,B03-135-01,A01
230222252559 ,S15438,1,B03-131-02,A01
230222252559 ,S15444,1,B03-102-02,A01
230222252559 ,S18535,1,B03-111-01,A01
230222252560 ,S15440,1,B03-130-02,A01
230222252560 ,S15456,1,B03-111-02,A01
230222252561 ,S15442,1,B03-135-02,A01
230222252561 ,S16913,1,B03-100-01,A01
230222252562 ,S15438,1,B03-131-02,A01
230222252562 ,S18555,1,B03-105-01,A01
230222252563 ,S15442,2,B03-135-02,A01
230222252563 ,S15448,3,B03-130-01,A01
230222252564 ,S15440,1,B03-130-02,A01
230222252564 ,S16913,1,B03-100-01,A01
230222252638 ,1D2F-004-01,1,A04-044-02,A01
230222252638 ,1D2F-004-03,1,A04-161-02,A01
230222252639 ,1D2G-008-03,1,A04-192-01,A01
230222252639 ,1D2G-009-02,1,A04-028-01,A01
230222252639 ,1D2G-010-02,2,A04-070-01,A01
230222252639 ,1D2G-010-03,2,A04-070-02,A01
230222252714 ,PL101010101IN1,4,A01-016-02,A02
230222252714 ,PS101010011IN1,1,A01-003-02,A02
230222252715 ,PL101010301IN1,1,A01-025-01,A02
230222252715 ,PL102030101IN1,1,A01-042-02,A02
230222252715 ,PS101010011IN1,1,A01-003-02,A02
230222252716 ,PB101010901IN1,1,A01-049-01,A02
230222252716 ,PB105001403IN1,1,A01-008-02,A02
230222252718 ,GGD750N,1,A05-175-01,A01
230222252718 ,VTGRGG100,1,A05-047-01,A01
230222252718 ,VTGRGO100,1,A05-121-02,A01
230222252719 ,GGD750N,1,A05-175-01,A01
230222252719 ,VTGRGG100,1,A05-047-01,A01
230222252719 ,VTGRGO100,1,A05-121-02,A01
230222252720 ,IJDNKTP2,1,A05-153-02,A01
230222252720 ,VTGRGG100,1,A05-047-01,A01
230222252720 ,VTGRGO100,1,A05-121-02,A01
230222252721 ,IJDNKTP2,1,A05-153-02,A01
230222252721 ,VTGRGG100,1,A05-047-01,A01
230222252721 ,VTGRGO100,1,A05-121-02,A01
230222252722 ,GSM15,1,A05-034-01,A01
230222252722 ,VTGRGG100,1,A05-047-01,A01
230222252722 ,VTGRGO100,1,A05-121-02,A01
230222252723 ,IJDNKTP2,1,A05-153-02,A01
230222252723 ,VTGRGG100,1,A05-047-01,A01
230222252723 ,VTGRGO100,1,A05-121-02,A01
230222252724 ,CGTP0201A-0432-D,1,S04-009-02,A03
230222252724 ,CGTP0202A-0449-D,1,B05-001-01,A03
230222274310 ,DP133006,1,A01-037-02,A01
230222274310 ,DP133010,1,A01-030-01,A01
230222274310 ,DP-211028-03,5,A01-043-02,A01
230222274311 ,DP133006,1,A01-037-02,A01
230222274311 ,DP133010,1,A01-030-01,A01
230222274311 ,DP-211028-03,5,A01-043-02,A01
230222274312 ,DP133006,1,A01-037-02,A01
230222274312 ,DP133010,1,A01-030-01,A01
230222274312 ,DP-211028-03,5,A01-043-02,A01
230222274313 ,DP133006,1,A01-037-02,A01
230222274313 ,DP133010,1,A01-030-01,A01
230222274313 ,DP-211028-03,3,A01-043-02,A01
230222274313 ,DP237001,3,A01-046-02,A01
230222274314 ,DP131001,1,A01-032-01,A01
230222274314 ,DP133010,1,A01-030-01,A01
230222274314 ,DP-211028-03,3,A01-043-02,A01
230222274315 ,DP131001,1,A01-032-01,A01
230222274315 ,DP133010,1,A01-030-01,A01
230222274315 ,DP-211028-03,3,A01-043-02,A01
230222274316 ,DP131001,1,A01-032-01,A01
230222274316 ,DP133010,1,A01-030-01,A01
230222274316 ,DP-211028-03,3,A01-043-02,A01
230222274317 ,DP131001,1,A01-032-01,A01
230222274317 ,DP133010,1,A01-030-01,A01
230222274317 ,DP-211028-03,3,A01-043-02,A01
230222274318 ,DP133006,1,A01-037-02,A01
230222274318 ,DP133010,1,A01-030-01,A01
230222274318 ,DP-211028-03,5,A01-043-02,A01
230222274319 ,GGDP150,3,A05-122-01,A01
230222274319 ,VTGRGG100,1,A05-047-01,A01
230222274319 ,VTGRGO100,1,A05-121-02,A01
230222274320 ,GDO820R,3,A05-006-01,A02
230222274320 ,GSL100R,1,A05-036-01,A02
230222274320 ,VTGRGG100,1,A05-047-01,A02
230222274320 ,VTGRGO100,1,A05-121-02,A02
230222274321 ,IJDNK2NX6R,1,A05-142-01,A01
230222274321 ,IJDNKTP1,2,A05-165-01,A01
230222274321 ,VTGRGG100,1,A05-047-01,A01
230222274321 ,VTGRGO100,1,A05-121-02,A01
230222274322 ,IJDNB1X6R,2,A06-026-01,A01
230222274322 ,VTGRGG100,1,A05-047-01,A01
230222274322 ,VTGRGO100,1,A05-121-02,A01
230222274323 ,IJDNB1X6R,2,A06-026-01,A01
230222274323 ,VTGRGG100,1,A05-047-01,A01
230222274323 ,VTGRGO100,1,A05-121-02,A01
230222274324 ,IJDNK2NX6R,2,A05-142-01,A01
230222274324 ,VTGRGG100,1,A05-047-01,A01
230222274324 ,VTGRGO100,1,A05-121-02,A01
230222274325 ,OTMIML7,1,A05-015-01,A01
230222274325 ,VTGRGG100,1,A05-047-01,A01
230222274325 ,VTGRGO100,1,A05-121-02,A01
230222274326 ,IJDNKTP1,4,A05-165-01,A01
230222274326 ,VTGRGG100,1,A05-047-01,A01
230222274326 ,VTGRGO100,1,A05-121-02,A01
230222274327 ,OTMIML7,2,A05-015-01,A01
230222274327 ,VTGRGG100,1,A05-047-01,A01
230222274327 ,VTGRGO100,1,A05-121-02,A01
230222274328 ,GGD750N,3,A05-175-01,A01
230222274328 ,VTGRGG100,1,A05-047-01,A01
230222274328 ,VTGRGO100,1,A05-121-02,A01
230222274329 ,ILOCB1-S,2,A05-131-02,A01
230222274329 ,VTGRGG100,1,A05-047-01,A01
230222274329 ,VTGRGO100,1,A05-121-02,A01
230222274330 ,IJDNB2X6R,2,A05-154-02,A01
230222274330 ,VTGRGG100,1,A05-047-01,A01
230222274330 ,VTGRGO100,1,A05-121-02,A01
230222274331 ,OTMIM1-S,1,A05-145-01,A02
230222274331 ,OTMIML30,1,A05-190-01,A02
230222274331 ,VTGRGG100,1,A05-047-01,A02
230222274331 ,VTGRGO100,1,A05-121-02,A02
230222274332 ,GDZ820R,3,A05-005-01,A01
230222274332 ,GSL100R,1,A05-036-01,A01
230222274332 ,VTGRGG100,1,A05-047-01,A01
230222274332 ,VTGRGO100,1,A05-121-02,A01
230222274333 ,IJDNK1NX6R,1,A05-022-01,A01
230222274333 ,IJDNKTP1,2,A05-165-01,A01
230222274333 ,VTGRGG100,1,A05-047-01,A01
230222274333 ,VTGRGO100,1,A05-121-02,A01
230222274334 ,MMJCD60,2,A05-071-01,B02
230222274334 ,MMJHT,1,A05-131-01,B02
230222274334 ,MMJHT,1,A05-131-01,B02
230222274334 ,MMJHT,1,A05-131-01,B02
230222274334 ,MMJOM96,2,A05-026-01,B02
230222274334 ,MMJVMT60,2,A05-075-01,B02
230222274334 ,VTGRGG100,1,A05-047-01,B02
230222274334 ,VTGRGO100,1,A05-121-02,B02
230222274335 ,MMJHT,1,A05-131-01,A02
230222274335 ,MMJVMP60,2,A05-086-01,A02
230222274335 ,VTGRGG100,1,A05-047-01,A02
230222274335 ,VTGRGO100,1,A05-121-02,A02
230222274336 ,OTMEBAG30,1,A05-176-01,A03
230222274336 ,OTMIM1-S,1,A05-145-01,A03
230222274336 ,OTMIML30,1,A05-190-01,A03
230222274336 ,VTGRGG100,1,A05-047-01,A03
230222274336 ,VTGRGO100,1,A05-121-02,A03
230222274337 ,GDZ820R,3,A05-005-01,A01
230222274337 ,GSL100R,1,A05-036-01,A01
230222274337 ,VTGRGG100,1,A05-047-01,A01
230222274337 ,VTGRGO100,1,A05-121-02,A01
230222274338 ,IJDNKTP2,8,A05-153-02,A01
230222274338 ,VTGRGG100,1,A05-047-01,A01
230222274338 ,VTGRGO100,1,A05-121-02,A01
230222274339 ,IJDNK1NX6R,1,A05-022-01,A01
230222274339 ,IJDNKTP1,2,A05-165-01,A01
230222274339 ,VTGRGG100,1,A05-047-01,A01
230222274339 ,VTGRGO100,1,A05-121-02,A01
230222274340 ,ILOCB1-S,2,A05-131-02,A01
230222274340 ,VTGRGG100,1,A05-047-01,A01
230222274340 ,VTGRGO100,1,A05-121-02,A01
230222274341 ,GDO820R,3,A05-006-01,A02
230222274341 ,GSL100R,1,A05-036-01,A02
230222274341 ,VTGRGG100,1,A05-047-01,A02
230222274341 ,VTGRGO100,1,A05-121-02,A02
230222274342 ,MMJHT,1,A05-131-01,A02
230222274342 ,MMJVMT60,2,A05-075-01,A02
230222274342 ,VTGRGG100,1,A05-047-01,A02
230222274342 ,VTGRGO100,1,A05-121-02,A02
230222274343 ,GKA380R,4,A05-128-02,A01
230222274343 ,MMJKIT2VPT-S,2,A05-166-02,A01
230222274343 ,VTGRGG100,1,A05-047-01,A01
230222274343 ,VTGRGO100,1,A05-121-02,A01
230222274344 ,GGD750N,3,A05-175-01,A01
230222274344 ,VTGRGG100,1,A05-047-01,A01
230222274344 ,VTGRGO100,1,A05-121-02,A01
230222274345 ,OTMIML7,1,A05-015-01,A01
230222274345 ,VTGRGG100,1,A05-047-01,A01
230222274345 ,VTGRGO100,1,A05-121-02,A01
230222274346 ,GDO820R,3,A05-006-01,A02
230222274346 ,GSL100R,1,A05-036-01,A02
230222274346 ,VTGRGG100,1,A05-047-01,A02
230222274346 ,VTGRGO100,1,A05-121-02,A02
230222274347 ,IJDNK2NX6R,2,A05-142-01,A01
230222274347 ,VTGRGG100,1,A05-047-01,A01
230222274347 ,VTGRGO100,1,A05-121-02,A01
230222274348 ,GDZ820R,3,A05-005-01,A01
230222274348 ,GSL100R,1,A05-036-01,A01
230222274348 ,VTGRGG100,1,A05-047-01,A01
230222274348 ,VTGRGO100,1,A05-121-02,A01
230222274349 ,GSL100R,1,A05-036-01,A02
230222274349 ,GSL750R,3,A05-161-01,A02
230222274349 ,VTGRGG100,1,A05-047-01,A02
230222274349 ,VTGRGO100,1,A05-121-02,A02
230222274350 ,IJDNB1X6R,2,A06-026-01,A01
230222274350 ,VTGRGG100,1,A05-047-01,A01
230222274350 ,VTGRGO100,1,A05-121-02,A01
230222274351 ,ILOCB1-S,2,A05-131-02,A01
230222274351 ,VTGRGG100,1,A05-047-01,A01
230222274351 ,VTGRGO100,1,A05-121-02,A01
230222274352 ,OTMEBAG30,2,A05-176-01,B01
230222274352 ,OTMIML30,2,A05-190-01,B01
230222274352 ,SFRINS30,2,A05-149-01,B01
230222274352 ,VTGRGG100,1,A05-047-01,B01
230222274352 ,VTGRGO100,1,A05-121-02,B01
230222274353 ,IJDNK1NX6R,1,A05-022-01,A01
230222274353 ,IJDNKTP1,2,A05-165-01,A01
230222274353 ,VTGRGG100,1,A05-047-01,A01
230222274353 ,VTGRGO100,1,A05-121-02,A01
230222274354 ,GDO820R,3,A05-006-01,A02
230222274354 ,GSL100R,1,A05-036-01,A02
230222274354 ,VTGRGG100,1,A05-047-01,A02
230222274354 ,VTGRGO100,1,A05-121-02,A02
230222274355 ,ILOCB1-S,2,A05-131-02,A01
230222274355 ,VTGRGG100,1,A05-047-01,A01
230222274355 ,VTGRGO100,1,A05-121-02,A01
230222274356 ,IJDNK1NX6R,1,A05-022-01,A01
230222274356 ,IJDNKTP1,2,A05-165-01,A01
230222274356 ,VTGRGG100,1,A05-047-01,A01
230222274356 ,VTGRGO100,1,A05-121-02,A01
230222274357 ,IJDNK2NX6R,2,A05-142-01,A01
230222274357 ,VTGRGG100,1,A05-047-01,A01
230222274357 ,VTGRGO100,1,A05-121-02,A01
230222274358 ,GDO820R,3,A05-006-01,A02
230222274358 ,GSL100R,1,A05-036-01,A02
230222274358 ,VTGRGG100,1,A05-047-01,A02
230222274358 ,VTGRGO100,1,A05-121-02,A02
230222274359 ,IJDNKTP1,4,A05-165-01,A01
230222274359 ,VTGRGG100,1,A05-047-01,A01
230222274359 ,VTGRGO100,1,A05-121-02,A01
230222274360 ,OTMEBAG30,1,A05-176-01,A03
230222274360 ,OTMIM1-S,1,A05-145-01,A03
230222274360 ,OTMIML30,1,A05-190-01,A03
230222274360 ,VTGRGG100,1,A05-047-01,A03
230222274360 ,VTGRGO100,1,A05-121-02,A03
230222274361 ,ILOCB1-S,2,A05-131-02,A01
230222274361 ,VTGRGG100,1,A05-047-01,A01
230222274361 ,VTGRGO100,1,A05-121-02,A01
230222274362 ,GDO820R,3,A05-006-01,A02
230222274362 ,GSL100R,1,A05-036-01,A02
230222274362 ,VTGRGG100,1,A05-047-01,A02
230222274362 ,VTGRGO100,1,A05-121-02,A02
230222274363 ,OTMEBAG30,1,A05-176-01,A03
230222274363 ,OTMIML30,1,A05-190-01,A03
230222274363 ,SFRINS30,1,A05-149-01,A03
230222274363 ,VTGRGG100,1,A05-047-01,A03
230222274363 ,VTGRGO100,1,A05-121-02,A03
230222274364 ,GGD750N,2,A05-175-01,A01
230222274364 ,GGDP150,1,A05-122-01,A01
230222274364 ,VTGRGG100,1,A05-047-01,A01
230222274364 ,VTGRGO100,1,A05-121-02,A01
230222274365 ,OTMIML7,1,A05-015-01,A01
230222274365 ,VTGRGG100,1,A05-047-01,A01
230222274365 ,VTGRGO100,1,A05-121-02,A01
230222274366 ,OTMEBAG30,1,A05-176-01,A03
230222274366 ,OTMIML30,1,A05-190-01,A03
230222274366 ,SFRINS30,1,A05-149-01,A03
230222274366 ,VTGRGG100,1,A05-047-01,A03
230222274366 ,VTGRGO100,1,A05-121-02,A03
230222274367 ,IJDNK1NX6R,1,A05-022-01,A01
230222274367 ,IJDNKTP1,2,A05-165-01,A01
230222274367 ,VTGRGG100,1,A05-047-01,A01
230222274367 ,VTGRGO100,1,A05-121-02,A01
230222274368 ,ILOCB1-S,2,A05-131-02,A01
230222274368 ,VTGRGG100,1,A05-047-01,A01
230222274368 ,VTGRGO100,1,A05-121-02,A01
230222274369 ,GKA380R,4,A05-128-02,A01
230222274369 ,VTGRGG100,1,A05-047-01,A01
230222274369 ,VTGRGO100,1,A05-121-02,A01
230222274370 ,IJDNK2NX6R,2,A05-142-01,A01
230222274370 ,VTGRGG100,1,A05-047-01,A01
230222274370 ,VTGRGO100,1,A05-121-02,A01
230222274371 ,ILOCB1-S,2,A05-131-02,A01
230222274371 ,VTGRGG100,1,A05-047-01,A01
230222274371 ,VTGRGO100,1,A05-121-02,A01
230222274372 ,OTMIM1-S,1,A05-145-01,A02
230222274372 ,OTMIML30,1,A05-190-01,A02
230222274372 ,VTGRGG100,1,A05-047-01,A02
230222274372 ,VTGRGO100,1,A05-121-02,A02
230222274373 ,GDZ820R,3,A05-005-01,A01
230222274373 ,GSL100R,1,A05-036-01,A01
230222274373 ,VTGRGG100,1,A05-047-01,A01
230222274373 ,VTGRGO100,1,A05-121-02,A01
230222274374 ,GGD750N,3,A05-175-01,A01
230222274374 ,VTGRGG100,1,A05-047-01,A01
230222274374 ,VTGRGO100,1,A05-121-02,A01
230222274375 ,GDO820R,3,A05-006-01,A02
230222274375 ,GSL100R,1,A05-036-01,A02
230222274375 ,VTGRGG100,1,A05-047-01,A02
230222274375 ,VTGRGO100,1,A05-121-02,A02
230222274376 ,IJDNB2X6R,2,A05-154-02,A01
230222274376 ,VTGRGG100,1,A05-047-01,A01
230222274376 ,VTGRGO100,1,A05-121-02,A01
230222274377 ,GDZ820R,3,A05-005-01,A01
230222274377 ,GSL100R,1,A05-036-01,A01
230222274377 ,VTGRGG100,1,A05-047-01,A01
230222274377 ,VTGRGO100,1,A05-121-02,A01
230222274378 ,MMJCD60,2,A05-071-01,A02
230222274378 ,MMJHT,1,A05-131-01,A02
230222274378 ,VTGRGG100,1,A05-047-01,A02
230222274378 ,VTGRGO100,1,A05-121-02,A02
230222274379 ,IJDNK3NX6R,2,A05-126-02,A01
230222274379 ,VTGRGG100,1,A05-047-01,A01
230222274379 ,VTGRGO100,1,A05-121-02,A01
230222274380 ,SFREFM,1,A05-137-02,A01
230222274380 ,SFREFW,1,A05-127-01,A01
230222274380 ,VTGRGG100,1,A05-047-01,A01
230222274380 ,VTGRGO100,1,A05-121-02,A01
230222274381 ,OTMIML7,1,A05-015-01,A01
230222274381 ,VTGRGG100,1,A05-047-01,A01
230222274381 ,VTGRGO100,1,A05-121-02,A01
230222274382 ,OTMIML7,1,A05-015-01,A01
230222274382 ,VTGRGG100,1,A05-047-01,A01
230222274382 ,VTGRGO100,1,A05-121-02,A01
230222274383 ,MMJHT,1,A05-131-01,A02
230222274383 ,MMJVMS60,2,A05-070-01,A02
230222274383 ,VTGRGG100,1,A05-047-01,A02
230222274383 ,VTGRGO100,1,A05-121-02,A02
230222274384 ,CLD60,3,A05-057-01,A01
230222274384 ,VTGRGG100,1,A05-047-01,A01
230222274384 ,VTGRGO100,1,A05-121-02,A01
230222274385 ,GDZ820R,3,A05-005-01,A01
230222274385 ,GSL100R,1,A05-036-01,A01
230222274385 ,VTGRGG100,1,A05-047-01,A01
230222274385 ,VTGRGO100,1,A05-121-02,A01
230222274398 ,GGD750N,1,A05-175-01,A01
230222274398 ,VTGRGG100,1,A05-047-01,A01
230222274398 ,VTGRGO100,1,A05-121-02,A01
230222274411 ,DP131001,1,A01-032-01,A01
230222274411 ,DP133010,3,A01-030-01,A01
230222274411 ,DP133010,1,A01-030-01,A01
230222274411 ,DP-211028-03,4,A01-043-02,A01
230222274412 ,DP133006,1,A01-037-02,A01
230222274412 ,DP133010,1,A01-030-01,A01
230222274412 ,DP135001,3,A01-034-02,A01
230222274412 ,DP-211028-03,4,A01-043-02,A01
230222274421 ,DP133010,1,A01-030-01,B02
230222274421 ,DP133011,1,A01-039-02,B02
230222274421 ,DP-210629-03,10,A01-048-02,B02
230222274422 ,DP131001,1,A01-032-01,A01
230222274422 ,DP133010,1,A01-030-01,A01
230222274422 ,DP272001,3,A01-026-02,A01
230222274423 ,DP131001,1,A01-032-01,A01
230222274423 ,DP133010,1,A01-030-01,A01
230222274423 ,DP237001,3,A01-046-02,A01
230222274424 ,DP131001,1,A01-032-01,A01
230222274424 ,DP133010,1,A01-030-01,A01
230222274424 ,DP134005,1,A01-046-01,A01
230222274424 ,DP237001,1,A01-046-02,A01
230222274424 ,DP271001,2,A01-030-02,A01
230222274425 ,H20009,1,B10-087-01,A02
230222274425 ,H20042,2,B08-106-01,A02
230222274426 ,H20001,1,B10-057-01,A02
230222274426 ,H20004,3,B10-088-02,A02
230222274427 ,H01008,3,B09-123-01,A02
230222274427 ,H02007,1,B10-040-01,A02
230222274441 ,SS2109150011,1,A06-020-01,A02
230222274441 ,SS2109150014,1,A06-175-01,A02
230222274441 ,SS2109150030,1,A06-185-01,A02
230222274442 ,SS2109150024,1,A06-071-01,B01
230222274442 ,SS2109150030,1,A06-185-01,B01
230222274443 ,SS2109150011,1,A06-020-01,A02
230222274443 ,SS2109150014,1,A06-175-01,A02
230222274443 ,SS2109150030,1,A06-185-01,A02
230222274444 ,SS2109150041,2,A06-190-01,B01
230222274444 ,SS2109150042,2,A06-186-01,B01
230222274445 ,PL101010101IN1,1,A01-016-02,A02
230222274445 ,PL102030101IN1,1,A01-042-02,A02
230222274446 ,PL101010201IN1,3,A01-014-01,A02
230222274446 ,PS101010011IN1,1,A01-003-02,A02
230222274447 ,CISSUS_HUE,8,B05-101-01,A01
230222274447 ,VITA_C,1,S03-045-01,A01
230222274448 ,CISSUS_HUE,4,B05-101-01,A01
230222274448 ,VITA_C,1,S03-045-01,A01
230222274449 ,ONACC009F,1,B05-162-01,A03
230222274449 ,ONHYD004C,1,B03-040-01,A03
230222274450 ,SET-ABS0003A,1,A09-167-02,A02
230222274450 ,SWT-KIT0001A,2,A10-023-02,A02
230222274451 ,FSN-AAO0079A,4,A09-021-02,C01
230222274451 ,FSN-AAO0080A,6,A09-185-01,C01
230222274451 ,FSN-ADS0016A,4,A09-022-02,C01
230222274452 ,FSN-DSA0021A,1,A09-029-01,A03
230222274452 ,FSN-DSA0022A,3,A09-012-01,A03
230222274453 ,CRTE4186,1,A03-063-02,A01
230222274453 ,DMCH0959,1,A03-070-02,A01
230222274454 ,CRTE1318,1,A03-064-01,A01
230222274454 ,DMCH0959,1,A03-070-02,A01
230222274455 ,CRTE1318,1,A03-064-01,A01
230222274455 ,DMCH0959,1,A03-070-02,A01
230222274456 ,BODM9641,1,A03-065-01,A01
230222274456 ,DMCH0959,1,A03-070-02,A01
230222274457 ,BODM9641,2,A03-065-01,A01
230222274457 ,DMCH5402,1,A03-061-02,A01
230222274458 ,CRTE1318,1,A03-064-01,A01
230222274458 ,DMCH0959,1,A03-070-02,A01
230222274459 ,BODM9641,2,A03-065-01,A01
230222274459 ,DMCH5402,1,A03-061-02,A01
230222274460 ,BODM9641,1,A03-065-01,A01
230222274460 ,DMCH0959,1,A03-070-02,A01
230222274461 ,IP0006,3,S03-028-01,A03
230222274461 ,SG0001,3,S03-022-03,A03
230222274461 ,SG0002,3,S03-019-04,A03
230222274461 ,SG0003,3,B05-056-02,A03
230222274463 ,S15440,1,B03-130-02,A01
230222274463 ,S15442,1,B03-135-02,A01
230222274464 ,RIVER,1,B03-120-01,A01
230222274464 ,S15438,1,B03-131-02,A01
230222274465 ,S15444,3,B03-102-02,A03
230222274465 ,S15454,3,B03-105-02,A03
230222274465 ,S18555,1,B03-105-01,A03
230222274466 ,S15440,3,B03-130-02,A01
230222274466 ,S16913,3,B03-100-01,A01
230222274467 ,ABALONEBEEF,1,B03-126-02,A02
230222274467 ,S16356,1,B03-115-02,A02
230222274468 ,S15442,3,B03-135-02,A01
230222274468 ,S16913,3,B03-100-01,A01
230222274469 ,S15458,2,B03-140-02,A02
230222274469 ,S16889,2,B03-116-02,A02
230222274470 ,S15454,1,B03-105-02,A02
230222274470 ,S16913,1,B03-100-01,A02
230222274471 ,S15438,1,B03-131-02,A01
230222274471 ,S16201,1,B03-106-01,A01
230222274472 ,S16512,1,B03-140-01,A02
230222274472 ,SNCARE,1,B03-121-01,A02
230222274473 ,J1839,3,A02-150-01,A02
230222274473 ,P1936,2,A02-130-01,A02
230222274473 ,Z0562,1,A02-131-01,A02
230222274474 ,J1119,2,A02-036-01,B03
230222274474 ,J1120,2,A02-061-01,B03
230222274474 ,J1121,2,A02-067-02,B03
230222274474 ,J2391,2,A02-046-02,B03
230222274475 ,J1839,3,A02-150-01,A02
230222274475 ,P1936,2,A02-130-01,A02
230222274475 ,Z0562,1,A02-131-01,A02
230222274476 ,J1839,2,A02-150-01,A01
230222274476 ,P1936,1,A02-130-01,A01
230222274476 ,Z0562,1,A02-131-01,A01
230222274477 ,J1839,4,A02-150-01,A02
230222274477 ,P1936,2,A02-130-01,A02
230222274477 ,Z0562,2,A02-131-01,A02
230222274478 ,J1907,3,A02-011-01,C01
230222274478 ,J2058,2,A02-140-01,C01
230222274479 ,J1839,2,A02-150-01,A01
230222274479 ,P1936,1,A02-130-01,A01
230222274479 ,Z0562,1,A02-131-01,A01
230222274480 ,J1839,1,A02-150-01,A01
230222274480 ,P1936,1,A02-130-01,A01
230222274480 ,Z0562,1,A02-131-01,A01
230222274481 ,J1119,2,A02-036-01,B03
230222274481 ,J1120,2,A02-061-01,B03
230222274481 ,J1121,2,A02-067-02,B03
230222274481 ,J2391,2,A02-046-02,B03
230222274482 ,J1838,10,A02-001-01,B02
230222274482 ,J2081,1,A02-135-01,B02
230222274482 ,P1936,1,A02-130-01,B02
230222274483 ,J0475,2,A02-069-02,B01
230222274483 ,J0668,2,A02-082-02,B01
230222274483 ,J0669,2,A02-050-02,B01
230222274483 ,J0783,2,A02-074-02,B01
230222274483 ,J0784,2,A02-097-02,B01
230222274483 ,J0785,2,A02-103-02,B01
230222274483 ,J0786,2,A02-061-02,B01
230222274483 ,J1646,2,A02-079-02,B01
230222274484 ,J1839,2,A02-150-01,A01
230222274484 ,P1936,1,A02-130-01,A01
230222274484 ,Z0562,1,A02-131-01,A01
230222274485 ,J1839,4,A02-150-01,A02
230222274485 ,P1936,2,A02-130-01,A02
230222274485 ,Z0562,2,A02-131-01,A02
230222274486 ,J1000,2,A02-102-02,A03
230222274486 ,J1001,2,A02-067-01,A03
230222274486 ,J1002,2,A02-104-02,A03
230222274486 ,J1003,2,A02-063-02,A03
230222274487 ,J1468,9,A02-089-01,C01
230222274487 ,J1489,9,A02-082-01,C01
230222274487 ,J2338,1,A02-086-02,C01
230222274488 ,ELOS001,1,B05-120-01,A01
230222274488 ,ELOSBIO00001,1,B05-123-01,A01
230222274489 ,ELOS004,1,B05-121-01,A01
230222274489 ,ELOSBIO00002,1,B05-058-01,A01
230222274490 ,ELOS010,1,B05-100-01,A01
230222274490 ,ELOSBIO00006,1,B05-122-02,A01
230222274491 ,ELOS006,1,B05-124-01,A01
230222274491 ,ELOSBIO00003,1,B05-060-01,A01
230222274492 ,ELOS002,1,B05-116-01,A01
230222274492 ,ELOSBIO00001,1,B05-123-01,A01
230222274493 ,ELOS001,1,B05-120-01,A01
230222274493 ,ELOSBIO00001,1,B05-123-01,A01
230222274494 ,ELOS003,1,B05-111-01,A02
230222274494 ,ELOSBIO00002,1,B05-058-01,A02
230222274498 ,LUT01KR2210_C,3,A01-050-02,A01
230222274498 ,OME01KR2210_C,3,A01-074-01,A01
230222274505 ,COL01KR2206_O,3,A01-070-01,A02
230222274505 ,PRO01KR2204_C,3,A01-074-02,A02
230222274505 ,VIT01KR2210_M,1,A01-063-02,A02
230222274531 ,A111076,1,A03-029-02,A01
230222274531 ,E000002,1,A03-030-01,A01
230222274531 ,E102197,1,A03-028-01,A01
230222274531 ,E138103,1,A03-027-01,A01
230222274532 ,A107833,1,A03-021-02,B03
230222274532 ,E000007,1,A03-034-01,B03
230222274533 ,A111076,1,A03-029-02,A01
230222274533 ,E000002,1,A03-030-01,A01
230222274533 ,E102197,1,A03-028-01,A01
230222274533 ,E138103,1,A03-027-01,A01
230222274534 ,A102203,1,A03-001-01,A01
230222274534 ,A308537,2,A03-020-01,A01
230222274535 ,A111076,1,A03-029-02,A01
230222274535 ,E000002,1,A03-030-01,A01
230222274535 ,E102197,1,A03-028-01,A01
230222274535 ,E138103,1,A03-027-01,A01
230222274536 ,A111281,1,A03-026-02,B03
230222274536 ,E000013,1,A03-031-01,B03
230222274537 ,A111076,1,A03-029-02,A01
230222274537 ,E000002,1,A03-030-01,A01
230222274537 ,E102197,1,A03-028-01,A01
230222274537 ,E138103,1,A03-027-01,A01
230222274538 ,A111076,1,A03-029-02,A01
230222274538 ,E000002,1,A03-030-01,A01
230222274538 ,E102197,1,A03-028-01,A01
230222274538 ,E138103,1,A03-027-01,A01
230222274539 ,A111076,1,A03-029-02,A01
230222274539 ,E000002,1,A03-030-01,A01
230222274539 ,E102197,1,A03-028-01,A01
230222274539 ,E138103,1,A03-027-01,A01
230222274540 ,A107833,1,A03-021-02,B03
230222274540 ,E000007,1,A03-034-01,B03
230222274541 ,A111274,1,A03-031-02,A02
230222274541 ,E000012,1,A03-025-01,A02
230222274542 ,A111076,1,A03-029-02,A01
230222274542 ,E000002,1,A03-030-01,A01
230222274542 ,E102197,1,A03-028-01,A01
230222274542 ,E138103,1,A03-027-01,A01
230222274543 ,A111076,1,A03-029-02,A01
230222274543 ,E000002,1,A03-030-01,A01
230222274543 ,E102197,1,A03-028-01,A01
230222274543 ,E138103,1,A03-027-01,A01
230222274544 ,A111274,1,A03-031-02,A02
230222274544 ,E000012,1,A03-025-01,A02
